Date,token,price
2021-12-12,BTC-USD,50098.33594
2021-12-13,BTC-USD,46737.48047
2021-12-14,BTC-USD,46612.63281
2021-12-15,BTC-USD,48896.72266
2021-12-16,BTC-USD,47665.42578
2021-12-17,BTC-USD,46202.14453
2021-12-18,BTC-USD,46848.77734
2021-12-19,BTC-USD,46707.01563
2021-12-20,BTC-USD,46880.27734
2021-12-21,BTC-USD,48936.61328
2021-12-22,BTC-USD,48628.51172
2021-12-23,BTC-USD,50784.53906
2021-12-24,BTC-USD,50822.19531
2021-12-25,BTC-USD,50429.85938
2021-12-26,BTC-USD,50809.51563
2021-12-27,BTC-USD,50640.41797
2021-12-28,BTC-USD,47588.85547
2021-12-29,BTC-USD,46444.71094
2021-12-30,BTC-USD,47178.125
2021-12-31,BTC-USD,46306.44531
2022-01-01,BTC-USD,47686.8125
2022-01-02,BTC-USD,47345.21875
2022-01-03,BTC-USD,46458.11719
2022-01-04,BTC-USD,45897.57422
2022-01-05,BTC-USD,43569.00391
2022-01-06,BTC-USD,43160.92969
2022-01-07,BTC-USD,41557.90234
2022-01-08,BTC-USD,41733.94141
2022-01-09,BTC-USD,41911.60156
2022-01-10,BTC-USD,41821.26172
2022-01-11,BTC-USD,42735.85547
2022-01-12,BTC-USD,43949.10156
2022-01-13,BTC-USD,42591.57031
2022-01-14,BTC-USD,43099.69922
2022-01-15,BTC-USD,43177.39844
2022-01-16,BTC-USD,43113.87891
2022-01-17,BTC-USD,42250.55078
2022-01-18,BTC-USD,42375.63281
2022-01-19,BTC-USD,41744.32813
2022-01-20,BTC-USD,40680.41797
2022-01-21,BTC-USD,36457.31641
2022-01-22,BTC-USD,35030.25
2022-01-23,BTC-USD,36276.80469
2022-01-24,BTC-USD,36654.32813
2022-01-25,BTC-USD,36954.00391
2022-01-26,BTC-USD,36852.12109
2022-01-27,BTC-USD,37138.23438
2022-01-28,BTC-USD,37784.33203
2022-01-29,BTC-USD,38138.17969
2022-01-30,BTC-USD,37917.60156
2022-01-31,BTC-USD,38483.125
2022-02-01,BTC-USD,38743.27344
2022-02-02,BTC-USD,36952.98438
2022-02-03,BTC-USD,37154.60156
2022-02-04,BTC-USD,41500.875
2022-02-05,BTC-USD,41441.16406
2022-02-06,BTC-USD,42412.43359
2022-02-07,BTC-USD,43840.28516
2022-02-08,BTC-USD,44118.44531
2022-02-09,BTC-USD,44338.79688
2022-02-10,BTC-USD,43565.11328
2022-02-11,BTC-USD,42407.9375
2022-02-12,BTC-USD,42244.46875
2022-02-13,BTC-USD,42197.51563
2022-02-14,BTC-USD,42586.91797
2022-02-15,BTC-USD,44575.20313
2022-02-16,BTC-USD,43961.85938
2022-02-17,BTC-USD,40538.01172
2022-02-18,BTC-USD,40030.97656
2022-02-19,BTC-USD,40122.15625
2022-02-20,BTC-USD,38431.37891
2022-02-21,BTC-USD,37075.28125
2022-02-22,BTC-USD,38286.02734
2022-02-23,BTC-USD,37296.57031
2022-02-24,BTC-USD,38332.60938
2022-02-25,BTC-USD,39214.21875
2022-02-26,BTC-USD,39105.14844
2022-02-27,BTC-USD,37709.78516
2022-02-28,BTC-USD,43193.23438
2022-03-01,BTC-USD,44354.63672
2022-03-02,BTC-USD,43924.11719
2022-03-03,BTC-USD,42451.78906
2022-03-04,BTC-USD,39137.60547
2022-03-05,BTC-USD,39400.58594
2022-03-06,BTC-USD,38419.98438
2022-03-07,BTC-USD,38062.03906
2022-03-08,BTC-USD,38737.26953
2022-03-09,BTC-USD,41982.92578
2022-03-10,BTC-USD,39437.46094
2022-03-11,BTC-USD,38794.97266
2022-03-12,BTC-USD,38904.01172
2022-03-13,BTC-USD,37849.66406
2022-03-14,BTC-USD,39666.75391
2022-03-15,BTC-USD,39338.78516
2022-03-16,BTC-USD,41143.92969
2022-03-17,BTC-USD,40951.37891
2022-03-18,BTC-USD,41801.15625
2022-03-19,BTC-USD,42190.65234
2022-03-20,BTC-USD,41247.82422
2022-03-21,BTC-USD,41077.99609
2022-03-22,BTC-USD,42358.80859
2022-03-23,BTC-USD,42892.95703
2022-03-24,BTC-USD,43960.93359
2022-03-25,BTC-USD,44348.73047
2022-03-26,BTC-USD,44500.82813
2022-03-27,BTC-USD,46820.49219
2022-03-28,BTC-USD,47128.00391
2022-03-29,BTC-USD,47465.73047
2022-03-30,BTC-USD,47062.66406
2022-03-31,BTC-USD,45538.67578
2022-04-01,BTC-USD,46281.64453
2022-04-02,BTC-USD,45868.94922
2022-04-03,BTC-USD,46453.56641
2022-04-04,BTC-USD,46622.67578
2022-04-05,BTC-USD,45555.99219
2022-04-06,BTC-USD,43206.73828
2022-04-07,BTC-USD,43503.84766
2022-04-08,BTC-USD,42287.66406
2022-04-09,BTC-USD,42782.13672
2022-04-10,BTC-USD,42207.67188
2022-04-11,BTC-USD,39521.90234
2022-04-12,BTC-USD,40127.18359
2022-04-13,BTC-USD,41166.73047
2022-04-14,BTC-USD,39935.51563
2022-04-15,BTC-USD,40553.46484
2022-04-16,BTC-USD,40424.48438
2022-04-17,BTC-USD,39716.95313
2022-04-18,BTC-USD,40826.21484
2022-04-19,BTC-USD,41502.75
2022-04-20,BTC-USD,41374.37891
2022-04-21,BTC-USD,40527.36328
2022-04-22,BTC-USD,39740.32031
2022-04-23,BTC-USD,39486.73047
2022-04-24,BTC-USD,39469.29297
2022-04-25,BTC-USD,40458.30859
2022-04-26,BTC-USD,38117.46094
2022-04-27,BTC-USD,39241.12109
2022-04-28,BTC-USD,39773.82813
2022-04-29,BTC-USD,38609.82422
2022-04-30,BTC-USD,37714.875
2022-05-01,BTC-USD,38469.09375
2022-05-02,BTC-USD,38529.32813
2022-05-03,BTC-USD,37750.45313
2022-05-04,BTC-USD,39698.37109
2022-05-05,BTC-USD,36575.14063
2022-05-06,BTC-USD,36040.92188
2022-05-07,BTC-USD,35501.95313
2022-05-08,BTC-USD,34059.26563
2022-05-09,BTC-USD,30296.95313
2022-05-10,BTC-USD,31022.90625
2022-05-11,BTC-USD,28936.35547
2022-05-12,BTC-USD,29047.75195
2022-05-13,BTC-USD,29283.10352
2022-05-14,BTC-USD,30101.26563
2022-05-15,BTC-USD,31305.11328
2022-05-16,BTC-USD,29862.91797
2022-05-17,BTC-USD,30425.85742
2022-05-18,BTC-USD,28720.27148
2022-05-19,BTC-USD,30314.33398
2022-05-20,BTC-USD,29200.74023
2022-05-21,BTC-USD,29432.22656
2022-05-22,BTC-USD,30323.72266
2022-05-23,BTC-USD,29098.91016
2022-05-24,BTC-USD,29655.58594
2022-05-25,BTC-USD,29562.36133
2022-05-26,BTC-USD,29267.22461
2022-05-27,BTC-USD,28627.57422
2022-05-28,BTC-USD,28814.90039
2022-05-29,BTC-USD,29445.95703
2022-05-30,BTC-USD,31726.39063
2022-05-31,BTC-USD,31792.31055
2022-06-01,BTC-USD,29799.08008
2022-06-02,BTC-USD,30467.48828
2022-06-03,BTC-USD,29704.39063
2022-06-04,BTC-USD,29832.91406
2022-06-05,BTC-USD,29906.66211
2022-06-06,BTC-USD,31370.67188
2022-06-07,BTC-USD,31155.47852
2022-06-08,BTC-USD,30214.35547
2022-06-09,BTC-USD,30111.99805
2022-06-10,BTC-USD,29083.80469
2022-06-11,BTC-USD,28360.81055
2022-06-12,BTC-USD,26762.64844
2022-06-13,BTC-USD,22487.38867
2022-06-14,BTC-USD,22206.79297
2022-06-15,BTC-USD,22572.83984
2022-06-16,BTC-USD,20381.65039
2022-06-17,BTC-USD,20471.48242
2022-06-18,BTC-USD,19017.64258
2022-06-19,BTC-USD,20553.27148
2022-06-20,BTC-USD,20599.53711
2022-06-21,BTC-USD,20710.59766
2022-06-22,BTC-USD,19987.0293
2022-06-23,BTC-USD,21085.87695
2022-06-24,BTC-USD,21231.65625
2022-06-25,BTC-USD,21502.33789
2022-06-26,BTC-USD,21027.29492
2022-06-27,BTC-USD,20735.47852
2022-06-28,BTC-USD,20280.63477
2022-06-29,BTC-USD,20104.02344
2022-06-30,BTC-USD,19784.72656
2022-07-01,BTC-USD,19269.36719
2022-07-02,BTC-USD,19242.25586
2022-07-03,BTC-USD,19297.07617
2022-07-04,BTC-USD,20231.26172
2022-07-05,BTC-USD,20190.11523
2022-07-06,BTC-USD,20548.24609
2022-07-07,BTC-USD,21637.58789
2022-07-08,BTC-USD,21731.11719
2022-07-09,BTC-USD,21592.20703
2022-07-10,BTC-USD,20860.44922
2022-07-11,BTC-USD,19970.55664
2022-07-12,BTC-USD,19323.91406
2022-07-13,BTC-USD,20212.07422
2022-07-14,BTC-USD,20569.91992
2022-07-15,BTC-USD,20836.32813
2022-07-16,BTC-USD,21190.31641
2022-07-17,BTC-USD,20779.34375
2022-07-18,BTC-USD,22485.68945
2022-07-19,BTC-USD,23389.43359
2022-07-20,BTC-USD,23231.73242
2022-07-21,BTC-USD,23164.62891
2022-07-22,BTC-USD,22714.97852
2022-07-23,BTC-USD,22465.47852
2022-07-24,BTC-USD,22609.16406
2022-07-25,BTC-USD,21361.70117
2022-07-26,BTC-USD,21239.75391
2022-07-27,BTC-USD,22930.54883
2022-07-28,BTC-USD,23843.88672
2022-07-29,BTC-USD,23804.63281
2022-07-30,BTC-USD,23656.20703
2022-07-31,BTC-USD,23336.89648
2022-08-01,BTC-USD,23314.19922
2022-08-02,BTC-USD,22978.11719
2022-08-03,BTC-USD,22846.50781
2022-08-04,BTC-USD,22630.95703
2022-08-05,BTC-USD,23289.31445
2022-08-06,BTC-USD,22961.2793
2022-08-07,BTC-USD,23175.89063
2022-08-08,BTC-USD,23809.48633
2022-08-09,BTC-USD,23164.31836
2022-08-10,BTC-USD,23947.64258
2022-08-11,BTC-USD,23957.5293
2022-08-12,BTC-USD,24402.81836
2022-08-13,BTC-USD,24424.06836
2022-08-14,BTC-USD,24319.33398
2022-08-15,BTC-USD,24136.97266
2022-08-16,BTC-USD,23883.29102
2022-08-17,BTC-USD,23335.99805
2022-08-18,BTC-USD,23212.73828
2022-08-19,BTC-USD,20877.55273
2022-08-20,BTC-USD,21166.06055
2022-08-21,BTC-USD,21534.12109
2022-08-22,BTC-USD,21398.9082
2022-08-23,BTC-USD,21528.08789
2022-08-24,BTC-USD,21395.01953
2022-08-25,BTC-USD,21600.9043
2022-08-26,BTC-USD,20260.01953
2022-08-27,BTC-USD,20041.73828
2022-08-28,BTC-USD,19616.81445
2022-08-29,BTC-USD,20297.99414
2022-08-30,BTC-USD,19796.80859
2022-08-31,BTC-USD,20049.76367
2022-09-01,BTC-USD,20127.14063
2022-09-02,BTC-USD,19969.77148
2022-09-03,BTC-USD,19832.08789
2022-09-04,BTC-USD,19986.71289
2022-09-05,BTC-USD,19812.37109
2022-09-06,BTC-USD,18837.66797
2022-09-07,BTC-USD,19290.32422
2022-09-08,BTC-USD,19329.83398
2022-09-09,BTC-USD,21381.15234
2022-09-10,BTC-USD,21680.53906
2022-09-11,BTC-USD,21769.25586
2022-09-12,BTC-USD,22370.44922
2022-09-13,BTC-USD,20296.70703
2022-09-14,BTC-USD,20241.08984
2022-09-15,BTC-USD,19701.21094
2022-09-16,BTC-USD,19772.58398
2022-09-17,BTC-USD,20127.57617
2022-09-18,BTC-USD,19419.50586
2022-09-19,BTC-USD,19544.12891
2022-09-20,BTC-USD,18890.78906
2022-09-21,BTC-USD,18547.40039
2022-09-22,BTC-USD,19413.55078
2022-09-23,BTC-USD,19297.63867
2022-09-24,BTC-USD,18937.01172
2022-09-25,BTC-USD,18802.09766
2022-09-26,BTC-USD,19222.67188
2022-09-27,BTC-USD,19110.54688
2022-09-28,BTC-USD,19426.7207
2022-09-29,BTC-USD,19573.05078
2022-09-30,BTC-USD,19431.78906
2022-10-01,BTC-USD,19312.0957
2022-10-02,BTC-USD,19044.10742
2022-10-03,BTC-USD,19623.58008
2022-10-04,BTC-USD,20336.84375
2022-10-05,BTC-USD,20160.7168
2022-10-06,BTC-USD,19955.44336
2022-10-07,BTC-USD,19546.84961
2022-10-08,BTC-USD,19416.56836
2022-10-09,BTC-USD,19446.42578
2022-10-10,BTC-USD,19141.48438
2022-10-11,BTC-USD,19051.41797
2022-10-12,BTC-USD,19157.44531
2022-10-13,BTC-USD,19382.9043
2022-10-14,BTC-USD,19185.65625
2022-10-15,BTC-USD,19067.63477
2022-10-16,BTC-USD,19268.09375
2022-10-17,BTC-USD,19550.75781
2022-10-18,BTC-USD,19334.41602
2022-10-19,BTC-USD,19139.53516
2022-10-20,BTC-USD,19053.74023
2022-10-21,BTC-USD,19172.46875
2022-10-22,BTC-USD,19208.18945
2022-10-23,BTC-USD,19567.00781
2022-10-24,BTC-USD,19345.57227
2022-10-25,BTC-USD,20095.85742
2022-10-26,BTC-USD,20770.44141
2022-10-27,BTC-USD,20285.83594
2022-10-28,BTC-USD,20595.35156
2022-10-29,BTC-USD,20818.47656
2022-10-30,BTC-USD,20635.60352
2022-10-31,BTC-USD,20495.77344
2022-11-01,BTC-USD,20485.27344
2022-11-02,BTC-USD,20159.50391
2022-11-03,BTC-USD,20209.98828
2022-11-04,BTC-USD,21147.23047
2022-11-05,BTC-USD,21282.69141
2022-11-06,BTC-USD,20926.48633
2022-11-07,BTC-USD,20602.81641
2022-11-08,BTC-USD,18541.27148
2022-11-09,BTC-USD,15880.78027
2022-11-10,BTC-USD,17586.77148
2022-11-11,BTC-USD,17034.29297
2022-11-12,BTC-USD,16799.18555
2022-11-13,BTC-USD,16353.36523
2022-11-14,BTC-USD,16618.19922
2022-11-15,BTC-USD,16884.61328
2022-11-16,BTC-USD,16669.43945
2022-11-17,BTC-USD,16687.51758
2022-11-18,BTC-USD,16697.77734
2022-11-19,BTC-USD,16711.54688
2022-11-20,BTC-USD,16291.83203
2022-11-21,BTC-USD,15787.28418
2022-11-22,BTC-USD,16189.76953
2022-11-23,BTC-USD,16610.70703
2022-11-24,BTC-USD,16604.46484
2022-11-25,BTC-USD,16521.8418
2022-11-26,BTC-USD,16464.28125
2022-11-27,BTC-USD,16444.62695
2022-11-28,BTC-USD,16217.32227
2022-11-29,BTC-USD,16444.98242
2022-11-30,BTC-USD,17168.56641
2022-12-01,BTC-USD,16967.13281
2022-12-02,BTC-USD,17088.66016
2022-12-03,BTC-USD,16908.23633
2022-12-04,BTC-USD,17130.48633
2022-12-05,BTC-USD,16974.82617
2022-12-06,BTC-USD,17089.50391
2022-12-07,BTC-USD,16848.12695
2022-12-08,BTC-USD,17233.47461
2022-12-09,BTC-USD,17133.15234
2022-12-10,BTC-USD,17128.72461
2022-12-11,BTC-USD,17104.19336
2022-12-12,BTC-USD,16987.66602
2021-12-12,ETH-USD,4134.453125
2021-12-13,ETH-USD,3784.226807
2021-12-14,ETH-USD,3745.44043
2021-12-15,ETH-USD,4018.388672
2021-12-16,ETH-USD,3962.469727
2021-12-17,ETH-USD,3879.486572
2021-12-18,ETH-USD,3960.860107
2021-12-19,ETH-USD,3922.592529
2021-12-20,ETH-USD,3933.844482
2021-12-21,ETH-USD,4020.26001
2021-12-22,ETH-USD,3982.099609
2021-12-23,ETH-USD,4108.015625
2021-12-24,ETH-USD,4047.98291
2021-12-25,ETH-USD,4093.281006
2021-12-26,ETH-USD,4067.328125
2021-12-27,ETH-USD,4037.547607
2021-12-28,ETH-USD,3800.893066
2021-12-29,ETH-USD,3628.531738
2021-12-30,ETH-USD,3713.852051
2021-12-31,ETH-USD,3682.632813
2022-01-01,ETH-USD,3769.697021
2022-01-02,ETH-USD,3829.564941
2022-01-03,ETH-USD,3761.380371
2022-01-04,ETH-USD,3794.056641
2022-01-05,ETH-USD,3550.386963
2022-01-06,ETH-USD,3418.408203
2022-01-07,ETH-USD,3193.210449
2022-01-08,ETH-USD,3091.972656
2022-01-09,ETH-USD,3157.751465
2022-01-10,ETH-USD,3083.0979
2022-01-11,ETH-USD,3238.111572
2022-01-12,ETH-USD,3372.258301
2022-01-13,ETH-USD,3248.288574
2022-01-14,ETH-USD,3310.001465
2022-01-15,ETH-USD,3330.530762
2022-01-16,ETH-USD,3350.921875
2022-01-17,ETH-USD,3212.304932
2022-01-18,ETH-USD,3164.025146
2022-01-19,ETH-USD,3095.825928
2022-01-20,ETH-USD,3001.120117
2022-01-21,ETH-USD,2557.931641
2022-01-22,ETH-USD,2405.181152
2022-01-23,ETH-USD,2535.039063
2022-01-24,ETH-USD,2440.352295
2022-01-25,ETH-USD,2455.935059
2022-01-26,ETH-USD,2468.030273
2022-01-27,ETH-USD,2423.001221
2022-01-28,ETH-USD,2547.092041
2022-01-29,ETH-USD,2597.084717
2022-01-30,ETH-USD,2603.466553
2022-01-31,ETH-USD,2688.278809
2022-02-01,ETH-USD,2792.117188
2022-02-02,ETH-USD,2682.854004
2022-02-03,ETH-USD,2679.162598
2022-02-04,ETH-USD,2983.586914
2022-02-05,ETH-USD,3014.648193
2022-02-06,ETH-USD,3057.476074
2022-02-07,ETH-USD,3142.470703
2022-02-08,ETH-USD,3122.608643
2022-02-09,ETH-USD,3239.457031
2022-02-10,ETH-USD,3077.482178
2022-02-11,ETH-USD,2927.383545
2022-02-12,ETH-USD,2917.362793
2022-02-13,ETH-USD,2883.463379
2022-02-14,ETH-USD,2933.479004
2022-02-15,ETH-USD,3179.877197
2022-02-16,ETH-USD,3127.830078
2022-02-17,ETH-USD,2881.481934
2022-02-18,ETH-USD,2785.727539
2022-02-19,ETH-USD,2763.701172
2022-02-20,ETH-USD,2628.648438
2022-02-21,ETH-USD,2573.816162
2022-02-22,ETH-USD,2639.299316
2022-02-23,ETH-USD,2590.359619
2022-02-24,ETH-USD,2598.067139
2022-02-25,ETH-USD,2764.535645
2022-02-26,ETH-USD,2781.111816
2022-02-27,ETH-USD,2621.801758
2022-02-28,ETH-USD,2919.201172
2022-03-01,ETH-USD,2972.485107
2022-03-02,ETH-USD,2950.118408
2022-03-03,ETH-USD,2834.468994
2022-03-04,ETH-USD,2617.156006
2022-03-05,ETH-USD,2664.831055
2022-03-06,ETH-USD,2555.037354
2022-03-07,ETH-USD,2497.77124
2022-03-08,ETH-USD,2576.747559
2022-03-09,ETH-USD,2729.783447
2022-03-10,ETH-USD,2608.048584
2022-03-11,ETH-USD,2559.562988
2022-03-12,ETH-USD,2574.75415
2022-03-13,ETH-USD,2518.94458
2022-03-14,ETH-USD,2590.696045
2022-03-15,ETH-USD,2620.149658
2022-03-16,ETH-USD,2772.055664
2022-03-17,ETH-USD,2814.854492
2022-03-18,ETH-USD,2945.343018
2022-03-19,ETH-USD,2946.25708
2022-03-20,ETH-USD,2860.459229
2022-03-21,ETH-USD,2897.976563
2022-03-22,ETH-USD,2973.131104
2022-03-23,ETH-USD,3031.067139
2022-03-24,ETH-USD,3108.062012
2022-03-25,ETH-USD,3106.671387
2022-03-26,ETH-USD,3143.178955
2022-03-27,ETH-USD,3291.577637
2022-03-28,ETH-USD,3336.634521
2022-03-29,ETH-USD,3401.987793
2022-03-30,ETH-USD,3385.157959
2022-03-31,ETH-USD,3281.642822
2022-04-01,ETH-USD,3449.552246
2022-04-02,ETH-USD,3445.059326
2022-04-03,ETH-USD,3522.833496
2022-04-04,ETH-USD,3521.241211
2022-04-05,ETH-USD,3411.79248
2022-04-06,ETH-USD,3171.691895
2022-04-07,ETH-USD,3233.274658
2022-04-08,ETH-USD,3192.073975
2022-04-09,ETH-USD,3261.91626
2022-04-10,ETH-USD,3211.866943
2022-04-11,ETH-USD,2981.052246
2022-04-12,ETH-USD,3030.376465
2022-04-13,ETH-USD,3118.344238
2022-04-14,ETH-USD,3019.909424
2022-04-15,ETH-USD,3040.916504
2022-04-16,ETH-USD,3062.310303
2022-04-17,ETH-USD,2993.40332
2022-04-18,ETH-USD,3057.606689
2022-04-19,ETH-USD,3104.106445
2022-04-20,ETH-USD,3077.74585
2022-04-21,ETH-USD,2987.480713
2022-04-22,ETH-USD,2964.835693
2022-04-23,ETH-USD,2938.114014
2022-04-24,ETH-USD,2922.732666
2022-04-25,ETH-USD,3009.393555
2022-04-26,ETH-USD,2808.29834
2022-04-27,ETH-USD,2888.929688
2022-04-28,ETH-USD,2936.940918
2022-04-29,ETH-USD,2815.601807
2022-04-30,ETH-USD,2730.186768
2022-05-01,ETH-USD,2827.756104
2022-05-02,ETH-USD,2857.4104
2022-05-03,ETH-USD,2783.476318
2022-05-04,ETH-USD,2940.644775
2022-05-05,ETH-USD,2749.213135
2022-05-06,ETH-USD,2694.979736
2022-05-07,ETH-USD,2636.093018
2022-05-08,ETH-USD,2517.459961
2022-05-09,ETH-USD,2245.43042
2022-05-10,ETH-USD,2343.510986
2022-05-11,ETH-USD,2072.108643
2022-05-12,ETH-USD,1961.701538
2022-05-13,ETH-USD,2014.418213
2022-05-14,ETH-USD,2056.273926
2022-05-15,ETH-USD,2145.706787
2022-05-16,ETH-USD,2022.725952
2022-05-17,ETH-USD,2090.40918
2022-05-18,ETH-USD,1916.656128
2022-05-19,ETH-USD,2018.336182
2022-05-20,ETH-USD,1961.315674
2022-05-21,ETH-USD,1974.518311
2022-05-22,ETH-USD,2043.170166
2022-05-23,ETH-USD,1972.181885
2022-05-24,ETH-USD,1978.982788
2022-05-25,ETH-USD,1944.827881
2022-05-26,ETH-USD,1803.91333
2022-05-27,ETH-USD,1724.922852
2022-05-28,ETH-USD,1757.941772
2022-05-29,ETH-USD,1812.031006
2022-05-30,ETH-USD,1996.441284
2022-05-31,ETH-USD,1942.328003
2022-06-01,ETH-USD,1823.569336
2022-06-02,ETH-USD,1834.150513
2022-06-03,ETH-USD,1775.078613
2022-06-04,ETH-USD,1801.609497
2022-06-05,ETH-USD,1805.204956
2022-06-06,ETH-USD,1859.289673
2022-06-07,ETH-USD,1814.04834
2022-06-08,ETH-USD,1793.572266
2022-06-09,ETH-USD,1789.82605
2022-06-10,ETH-USD,1665.042236
2022-06-11,ETH-USD,1529.663452
2022-06-12,ETH-USD,1445.216553
2022-06-13,ETH-USD,1204.582764
2022-06-14,ETH-USD,1211.662842
2022-06-15,ETH-USD,1233.206421
2022-06-16,ETH-USD,1067.730713
2022-06-17,ETH-USD,1086.519287
2022-06-18,ETH-USD,993.6367798
2022-06-19,ETH-USD,1127.656494
2022-06-20,ETH-USD,1127.642456
2022-06-21,ETH-USD,1124.824585
2022-06-22,ETH-USD,1051.421875
2022-06-23,ETH-USD,1143.386719
2022-06-24,ETH-USD,1226.844727
2022-06-25,ETH-USD,1243.446899
2022-06-26,ETH-USD,1199.831665
2022-06-27,ETH-USD,1193.680664
2022-06-28,ETH-USD,1144.579224
2022-06-29,ETH-USD,1098.943848
2022-06-30,ETH-USD,1067.298828
2022-07-01,ETH-USD,1059.767334
2022-07-02,ETH-USD,1066.512817
2022-07-03,ETH-USD,1073.766968
2022-07-04,ETH-USD,1151.059082
2022-07-05,ETH-USD,1134.541016
2022-07-06,ETH-USD,1186.973999
2022-07-07,ETH-USD,1237.593384
2022-07-08,ETH-USD,1222.506226
2022-07-09,ETH-USD,1216.978271
2022-07-10,ETH-USD,1168.401611
2022-07-11,ETH-USD,1097.236572
2022-07-12,ETH-USD,1038.19165
2022-07-13,ETH-USD,1113.587158
2022-07-14,ETH-USD,1191.526245
2022-07-15,ETH-USD,1233.12915
2022-07-16,ETH-USD,1352.626465
2022-07-17,ETH-USD,1338.635742
2022-07-18,ETH-USD,1578.717896
2022-07-19,ETH-USD,1542.97522
2022-07-20,ETH-USD,1520.200684
2022-07-21,ETH-USD,1576.749512
2022-07-22,ETH-USD,1537.405151
2022-07-23,ETH-USD,1549.297485
2022-07-24,ETH-USD,1599.476685
2022-07-25,ETH-USD,1445.383423
2022-07-26,ETH-USD,1441.806763
2022-07-27,ETH-USD,1636.232666
2022-07-28,ETH-USD,1725.46814
2022-07-29,ETH-USD,1727.406982
2022-07-30,ETH-USD,1695.969482
2022-07-31,ETH-USD,1681.517334
2022-08-01,ETH-USD,1635.195801
2022-08-02,ETH-USD,1632.945435
2022-08-03,ETH-USD,1618.874512
2022-08-04,ETH-USD,1608.205811
2022-08-05,ETH-USD,1732.254639
2022-08-06,ETH-USD,1691.658081
2022-08-07,ETH-USD,1699.35083
2022-08-08,ETH-USD,1775.516113
2022-08-09,ETH-USD,1703.025024
2022-08-10,ETH-USD,1851.742676
2022-08-11,ETH-USD,1881.224121
2022-08-12,ETH-USD,1957.24646
2022-08-13,ETH-USD,1981.336548
2022-08-14,ETH-USD,1936.802002
2022-08-15,ETH-USD,1904.228149
2022-08-16,ETH-USD,1878.139404
2022-08-17,ETH-USD,1832.999634
2022-08-18,ETH-USD,1847.007813
2022-08-19,ETH-USD,1612.987305
2022-08-20,ETH-USD,1577.003784
2022-08-21,ETH-USD,1619.31897
2022-08-22,ETH-USD,1622.505859
2022-08-23,ETH-USD,1662.769897
2022-08-24,ETH-USD,1657.059204
2022-08-25,ETH-USD,1696.457031
2022-08-26,ETH-USD,1507.782837
2022-08-27,ETH-USD,1491.39502
2022-08-28,ETH-USD,1430.547363
2022-08-29,ETH-USD,1553.037354
2022-08-30,ETH-USD,1523.838867
2022-08-31,ETH-USD,1553.684937
2022-09-01,ETH-USD,1586.176758
2022-09-02,ETH-USD,1577.220459
2022-09-03,ETH-USD,1556.872681
2022-09-04,ETH-USD,1577.641602
2022-09-05,ETH-USD,1617.183228
2022-09-06,ETH-USD,1561.748535
2022-09-07,ETH-USD,1629.906372
2022-09-08,ETH-USD,1635.347656
2022-09-09,ETH-USD,1719.085449
2022-09-10,ETH-USD,1776.203735
2022-09-11,ETH-USD,1761.800049
2022-09-12,ETH-USD,1713.765259
2022-09-13,ETH-USD,1580.787964
2022-09-14,ETH-USD,1634.755005
2022-09-15,ETH-USD,1471.693481
2022-09-16,ETH-USD,1432.447754
2022-09-17,ETH-USD,1469.741699
2022-09-18,ETH-USD,1335.329102
2022-09-19,ETH-USD,1377.541382
2022-09-20,ETH-USD,1324.388184
2022-09-21,ETH-USD,1252.607788
2022-09-22,ETH-USD,1327.680176
2022-09-23,ETH-USD,1328.259521
2022-09-24,ETH-USD,1317.993286
2022-09-25,ETH-USD,1294.216797
2022-09-26,ETH-USD,1335.32019
2022-09-27,ETH-USD,1330.127686
2022-09-28,ETH-USD,1337.410889
2022-09-29,ETH-USD,1335.652344
2022-09-30,ETH-USD,1327.978638
2022-10-01,ETH-USD,1311.644409
2022-10-02,ETH-USD,1276.093506
2022-10-03,ETH-USD,1323.439209
2022-10-04,ETH-USD,1362.126587
2022-10-05,ETH-USD,1352.837158
2022-10-06,ETH-USD,1351.709473
2022-10-07,ETH-USD,1332.516968
2022-10-08,ETH-USD,1315.500488
2022-10-09,ETH-USD,1322.604248
2022-10-10,ETH-USD,1291.337646
2022-10-11,ETH-USD,1279.575684
2022-10-12,ETH-USD,1294.906372
2022-10-13,ETH-USD,1288.123901
2022-10-14,ETH-USD,1297.422119
2022-10-15,ETH-USD,1274.871704
2022-10-16,ETH-USD,1306.296631
2022-10-17,ETH-USD,1331.713623
2022-10-18,ETH-USD,1310.447021
2022-10-19,ETH-USD,1285.744263
2022-10-20,ETH-USD,1283.200928
2022-10-21,ETH-USD,1299.946411
2022-10-22,ETH-USD,1314.299194
2022-10-23,ETH-USD,1363.447021
2022-10-24,ETH-USD,1344.998535
2022-10-25,ETH-USD,1461.665405
2022-10-26,ETH-USD,1566.56665
2022-10-27,ETH-USD,1514.374878
2022-10-28,ETH-USD,1555.477905
2022-10-29,ETH-USD,1619.698486
2022-10-30,ETH-USD,1590.783325
2022-10-31,ETH-USD,1572.714478
2022-11-01,ETH-USD,1579.70459
2022-11-02,ETH-USD,1519.711792
2022-11-03,ETH-USD,1531.541748
2022-11-04,ETH-USD,1645.093384
2022-11-05,ETH-USD,1627.968018
2022-11-06,ETH-USD,1572.234741
2022-11-07,ETH-USD,1568.591309
2022-11-08,ETH-USD,1332.835571
2022-11-09,ETH-USD,1100.1698
2022-11-10,ETH-USD,1299.4646
2022-11-11,ETH-USD,1287.221069
2022-11-12,ETH-USD,1255.268311
2022-11-13,ETH-USD,1221.819214
2022-11-14,ETH-USD,1241.604248
2022-11-15,ETH-USD,1251.736206
2022-11-16,ETH-USD,1215.602539
2022-11-17,ETH-USD,1200.808594
2022-11-18,ETH-USD,1212.300293
2022-11-19,ETH-USD,1218.426758
2022-11-20,ETH-USD,1142.466675
2022-11-21,ETH-USD,1108.353027
2022-11-22,ETH-USD,1135.173462
2022-11-23,ETH-USD,1183.199585
2022-11-24,ETH-USD,1203.983154
2022-11-25,ETH-USD,1198.925903
2022-11-26,ETH-USD,1205.897949
2022-11-27,ETH-USD,1195.126953
2022-11-28,ETH-USD,1170.086182
2022-11-29,ETH-USD,1216.901245
2022-11-30,ETH-USD,1295.688599
2022-12-01,ETH-USD,1276.273926
2022-12-02,ETH-USD,1294.303345
2022-12-03,ETH-USD,1243.334839
2022-12-04,ETH-USD,1280.256592
2022-12-05,ETH-USD,1259.676758
2022-12-06,ETH-USD,1271.653809
2022-12-07,ETH-USD,1232.4375
2022-12-08,ETH-USD,1281.116333
2022-12-09,ETH-USD,1264.28479
2022-12-10,ETH-USD,1266.384155
2022-12-11,ETH-USD,1263.86853
2022-12-12,ETH-USD,1255.28186
2021-12-12,FTT-USD,41.28619766
2021-12-13,FTT-USD,37.73789978
2021-12-14,FTT-USD,37.45528412
2021-12-15,FTT-USD,39.25053406
2021-12-16,FTT-USD,38.36585236
2021-12-17,FTT-USD,37.54801941
2021-12-18,FTT-USD,39.897789
2021-12-19,FTT-USD,39.75465775
2021-12-20,FTT-USD,40.52709579
2021-12-21,FTT-USD,41.9863205
2021-12-22,FTT-USD,41.35666275
2021-12-23,FTT-USD,43.08201981
2021-12-24,FTT-USD,42.70760345
2021-12-25,FTT-USD,42.78099823
2021-12-26,FTT-USD,42.59400177
2021-12-27,FTT-USD,42.58992004
2021-12-28,FTT-USD,40.08704376
2021-12-29,FTT-USD,38.56900787
2021-12-30,FTT-USD,38.9359169
2021-12-31,FTT-USD,38.31381607
2022-01-01,FTT-USD,40.20424652
2022-01-02,FTT-USD,40.18291855
2022-01-03,FTT-USD,40.2234993
2022-01-04,FTT-USD,41.43707275
2022-01-05,FTT-USD,38.21641922
2022-01-06,FTT-USD,38.66798782
2022-01-07,FTT-USD,35.4932518
2022-01-08,FTT-USD,35.23113632
2022-01-09,FTT-USD,37.21450043
2022-01-10,FTT-USD,38.08766174
2022-01-11,FTT-USD,39.73418808
2022-01-12,FTT-USD,41.4346962
2022-01-13,FTT-USD,40.93390274
2022-01-14,FTT-USD,44.60035324
2022-01-15,FTT-USD,46.06550217
2022-01-16,FTT-USD,46.42499161
2022-01-17,FTT-USD,44.4002533
2022-01-18,FTT-USD,44.96219254
2022-01-19,FTT-USD,46.73438263
2022-01-20,FTT-USD,45.22596359
2022-01-21,FTT-USD,38.4553299
2022-01-22,FTT-USD,33.47580338
2022-01-23,FTT-USD,35.95437241
2022-01-24,FTT-USD,35.61169052
2022-01-25,FTT-USD,36.44079971
2022-01-26,FTT-USD,36.5316658
2022-01-27,FTT-USD,38.28979111
2022-01-28,FTT-USD,40.04177856
2022-01-29,FTT-USD,41.65922928
2022-01-30,FTT-USD,41.0958786
2022-01-31,FTT-USD,43.67175293
2022-02-01,FTT-USD,45.24133301
2022-02-02,FTT-USD,42.92850113
2022-02-03,FTT-USD,42.53908157
2022-02-04,FTT-USD,45.96889114
2022-02-05,FTT-USD,46.21980286
2022-02-06,FTT-USD,46.6219902
2022-02-07,FTT-USD,47.20431137
2022-02-08,FTT-USD,46.47657013
2022-02-09,FTT-USD,47.9137001
2022-02-10,FTT-USD,44.91081619
2022-02-11,FTT-USD,43.42816925
2022-02-12,FTT-USD,44.18464661
2022-02-13,FTT-USD,44.52643585
2022-02-14,FTT-USD,44.87366104
2022-02-15,FTT-USD,47.20053864
2022-02-16,FTT-USD,46.51514053
2022-02-17,FTT-USD,43.65227509
2022-02-18,FTT-USD,43.13286972
2022-02-19,FTT-USD,42.78858185
2022-02-20,FTT-USD,40.90763474
2022-02-21,FTT-USD,39.87975693
2022-02-22,FTT-USD,41.55524445
2022-02-23,FTT-USD,40.88623428
2022-02-24,FTT-USD,41.27014542
2022-02-25,FTT-USD,43.05149841
2022-02-26,FTT-USD,43.3238678
2022-02-27,FTT-USD,41.57076263
2022-02-28,FTT-USD,45.97260284
2022-03-01,FTT-USD,46.23248672
2022-03-02,FTT-USD,46.21814728
2022-03-03,FTT-USD,44.87667084
2022-03-04,FTT-USD,40.44295883
2022-03-05,FTT-USD,41.15986252
2022-03-06,FTT-USD,39.81920242
2022-03-07,FTT-USD,39.83638382
2022-03-08,FTT-USD,40.55521774
2022-03-09,FTT-USD,42.83615494
2022-03-10,FTT-USD,40.77854156
2022-03-11,FTT-USD,40.86930847
2022-03-12,FTT-USD,41.05287933
2022-03-13,FTT-USD,39.95965195
2022-03-14,FTT-USD,41.50074768
2022-03-15,FTT-USD,41.0680275
2022-03-16,FTT-USD,42.7516098
2022-03-17,FTT-USD,43.10668564
2022-03-18,FTT-USD,44.6448555
2022-03-19,FTT-USD,44.89141846
2022-03-20,FTT-USD,44.01049042
2022-03-21,FTT-USD,44.77135849
2022-03-22,FTT-USD,45.31536865
2022-03-23,FTT-USD,46.20652771
2022-03-24,FTT-USD,49.44827271
2022-03-25,FTT-USD,49.75099564
2022-03-26,FTT-USD,49.91953659
2022-03-27,FTT-USD,51.96204758
2022-03-28,FTT-USD,51.72575378
2022-03-29,FTT-USD,51.09607315
2022-03-30,FTT-USD,51.16405487
2022-03-31,FTT-USD,48.88536835
2022-04-01,FTT-USD,50.49321365
2022-04-02,FTT-USD,49.72848511
2022-04-03,FTT-USD,50.45622635
2022-04-04,FTT-USD,50.13238144
2022-04-05,FTT-USD,48.5684967
2022-04-06,FTT-USD,45.09887314
2022-04-07,FTT-USD,45.63444519
2022-04-08,FTT-USD,44.72621536
2022-04-09,FTT-USD,45.6590004
2022-04-10,FTT-USD,45.11608124
2022-04-11,FTT-USD,41.41772842
2022-04-12,FTT-USD,41.82501984
2022-04-13,FTT-USD,42.88591766
2022-04-14,FTT-USD,41.71937561
2022-04-15,FTT-USD,42.60456085
2022-04-16,FTT-USD,41.85102081
2022-04-17,FTT-USD,44.83160019
2022-04-18,FTT-USD,43.40010452
2022-04-19,FTT-USD,43.53013611
2022-04-20,FTT-USD,42.79143143
2022-04-21,FTT-USD,42.17320251
2022-04-22,FTT-USD,41.41786957
2022-04-23,FTT-USD,41.12346649
2022-04-24,FTT-USD,40.79900742
2022-04-25,FTT-USD,41.8993721
2022-04-26,FTT-USD,38.67948532
2022-04-27,FTT-USD,39.602005
2022-04-28,FTT-USD,40.25321198
2022-04-29,FTT-USD,38.78173065
2022-04-30,FTT-USD,38.00925827
2022-05-01,FTT-USD,39.1348114
2022-05-02,FTT-USD,39.06038666
2022-05-03,FTT-USD,37.80875778
2022-05-04,FTT-USD,39.56329727
2022-05-05,FTT-USD,36.23539352
2022-05-06,FTT-USD,35.90779877
2022-05-07,FTT-USD,35.11285019
2022-05-08,FTT-USD,33.84153366
2022-05-09,FTT-USD,30.53663254
2022-05-10,FTT-USD,33.13322067
2022-05-11,FTT-USD,29.71458817
2022-05-12,FTT-USD,29.72385216
2022-05-13,FTT-USD,30.8253479
2022-05-14,FTT-USD,31.59646416
2022-05-15,FTT-USD,32.6455307
2022-05-16,FTT-USD,31.87615967
2022-05-17,FTT-USD,32.03872299
2022-05-18,FTT-USD,29.69733429
2022-05-19,FTT-USD,30.92023659
2022-05-20,FTT-USD,29.77707863
2022-05-21,FTT-USD,30.08843422
2022-05-22,FTT-USD,30.79744148
2022-05-23,FTT-USD,29.67707634
2022-05-24,FTT-USD,29.82635689
2022-05-25,FTT-USD,29.01169395
2022-05-26,FTT-USD,27.59775352
2022-05-27,FTT-USD,26.39837456
2022-05-28,FTT-USD,27.10719299
2022-05-29,FTT-USD,27.26719093
2022-05-30,FTT-USD,29.16701126
2022-05-31,FTT-USD,28.95060539
2022-06-01,FTT-USD,26.90548515
2022-06-02,FTT-USD,27.13927078
2022-06-03,FTT-USD,25.99463272
2022-06-04,FTT-USD,25.97548485
2022-06-05,FTT-USD,26.13372993
2022-06-06,FTT-USD,27.36559868
2022-06-07,FTT-USD,27.06485367
2022-06-08,FTT-USD,28.1297226
2022-06-09,FTT-USD,28.53532982
2022-06-10,FTT-USD,27.5845089
2022-06-11,FTT-USD,27.39906311
2022-06-12,FTT-USD,28.09258461
2022-06-13,FTT-USD,24.44530106
2022-06-14,FTT-USD,24.02503395
2022-06-15,FTT-USD,25.49200821
2022-06-16,FTT-USD,23.262043
2022-06-17,FTT-USD,24.35045815
2022-06-18,FTT-USD,22.83035469
2022-06-19,FTT-USD,25.03437805
2022-06-20,FTT-USD,26.70549965
2022-06-21,FTT-USD,27.33817673
2022-06-22,FTT-USD,25.20549011
2022-06-23,FTT-USD,26.3312645
2022-06-24,FTT-USD,26.73080444
2022-06-25,FTT-USD,27.92702675
2022-06-26,FTT-USD,27.15359879
2022-06-27,FTT-USD,27.16296005
2022-06-28,FTT-USD,25.63458061
2022-06-29,FTT-USD,24.82902145
2022-06-30,FTT-USD,24.53266144
2022-07-01,FTT-USD,24.55630875
2022-07-02,FTT-USD,24.62620163
2022-07-03,FTT-USD,24.37348175
2022-07-04,FTT-USD,25.92241669
2022-07-05,FTT-USD,25.19189262
2022-07-06,FTT-USD,26.26527214
2022-07-07,FTT-USD,27.45919037
2022-07-08,FTT-USD,27.46585083
2022-07-09,FTT-USD,27.13601494
2022-07-10,FTT-USD,25.89983368
2022-07-11,FTT-USD,24.99665451
2022-07-12,FTT-USD,23.88285637
2022-07-13,FTT-USD,24.96725273
2022-07-14,FTT-USD,25.85254478
2022-07-15,FTT-USD,26.78756142
2022-07-16,FTT-USD,27.96962166
2022-07-17,FTT-USD,27.60633278
2022-07-18,FTT-USD,29.96655655
2022-07-19,FTT-USD,29.12787247
2022-07-20,FTT-USD,28.78352737
2022-07-21,FTT-USD,29.50235558
2022-07-22,FTT-USD,28.97725868
2022-07-23,FTT-USD,28.53791237
2022-07-24,FTT-USD,29.14460754
2022-07-25,FTT-USD,27.11045456
2022-07-26,FTT-USD,27.02528954
2022-07-27,FTT-USD,29.39860153
2022-07-28,FTT-USD,30.24714279
2022-07-29,FTT-USD,31.13344383
2022-07-30,FTT-USD,30.96461678
2022-07-31,FTT-USD,30.40640068
2022-08-01,FTT-USD,30.81554985
2022-08-02,FTT-USD,29.41304207
2022-08-03,FTT-USD,29.11205864
2022-08-04,FTT-USD,29.13900375
2022-08-05,FTT-USD,30.74950409
2022-08-06,FTT-USD,30.41555214
2022-08-07,FTT-USD,30.66813087
2022-08-08,FTT-USD,31.48546982
2022-08-09,FTT-USD,29.90163994
2022-08-10,FTT-USD,31.34862137
2022-08-11,FTT-USD,30.52724648
2022-08-12,FTT-USD,31.21741867
2022-08-13,FTT-USD,31.31477165
2022-08-14,FTT-USD,30.86851311
2022-08-15,FTT-USD,30.90486336
2022-08-16,FTT-USD,30.70647049
2022-08-17,FTT-USD,30.08518982
2022-08-18,FTT-USD,29.92035103
2022-08-19,FTT-USD,26.43770218
2022-08-20,FTT-USD,26.73244095
2022-08-21,FTT-USD,27.72037125
2022-08-22,FTT-USD,27.71950912
2022-08-23,FTT-USD,27.79137993
2022-08-24,FTT-USD,27.56034088
2022-08-25,FTT-USD,27.96648407
2022-08-26,FTT-USD,25.95645714
2022-08-27,FTT-USD,25.80418587
2022-08-28,FTT-USD,25.41328049
2022-08-29,FTT-USD,27.35210228
2022-08-30,FTT-USD,26.5514679
2022-08-31,FTT-USD,26.67275238
2022-09-01,FTT-USD,26.90262032
2022-09-02,FTT-USD,26.29268265
2022-09-03,FTT-USD,26.19641304
2022-09-04,FTT-USD,26.38751221
2022-09-05,FTT-USD,26.60731506
2022-09-06,FTT-USD,25.69022369
2022-09-07,FTT-USD,26.0044136
2022-09-08,FTT-USD,26.0458889
2022-09-09,FTT-USD,27.25623512
2022-09-10,FTT-USD,27.72219086
2022-09-11,FTT-USD,27.85241127
2022-09-12,FTT-USD,28.44346237
2022-09-13,FTT-USD,25.99339867
2022-09-14,FTT-USD,25.50290108
2022-09-15,FTT-USD,24.06729317
2022-09-16,FTT-USD,24.06205368
2022-09-17,FTT-USD,24.64328575
2022-09-18,FTT-USD,23.44345665
2022-09-19,FTT-USD,24.20957184
2022-09-20,FTT-USD,23.34715462
2022-09-21,FTT-USD,22.80485725
2022-09-22,FTT-USD,23.72374153
2022-09-23,FTT-USD,23.88600922
2022-09-24,FTT-USD,23.68642235
2022-09-25,FTT-USD,23.52565765
2022-09-26,FTT-USD,24.2084198
2022-09-27,FTT-USD,23.68621635
2022-09-28,FTT-USD,24.0842514
2022-09-29,FTT-USD,24.31962013
2022-09-30,FTT-USD,24.24028587
2022-10-01,FTT-USD,24.2833252
2022-10-02,FTT-USD,24.03232574
2022-10-03,FTT-USD,24.76327705
2022-10-04,FTT-USD,25.11747742
2022-10-05,FTT-USD,24.77702713
2022-10-06,FTT-USD,24.4938488
2022-10-07,FTT-USD,24.50328064
2022-10-08,FTT-USD,24.13175964
2022-10-09,FTT-USD,24.12228012
2022-10-10,FTT-USD,23.57093811
2022-10-11,FTT-USD,23.24582863
2022-10-12,FTT-USD,23.36237526
2022-10-13,FTT-USD,23.43865013
2022-10-14,FTT-USD,23.45812988
2022-10-15,FTT-USD,23.27086067
2022-10-16,FTT-USD,23.73214531
2022-10-17,FTT-USD,24.12624168
2022-10-18,FTT-USD,23.58610535
2022-10-19,FTT-USD,22.59569168
2022-10-20,FTT-USD,22.4116745
2022-10-21,FTT-USD,22.44794273
2022-10-22,FTT-USD,22.58032417
2022-10-23,FTT-USD,23.14757156
2022-10-24,FTT-USD,22.79256058
2022-10-25,FTT-USD,23.87618446
2022-10-26,FTT-USD,24.64817619
2022-10-27,FTT-USD,24.26979065
2022-10-28,FTT-USD,24.7888298
2022-10-29,FTT-USD,25.43245125
2022-10-30,FTT-USD,25.64755058
2022-10-31,FTT-USD,26.10943031
2022-11-01,FTT-USD,25.87347794
2022-11-02,FTT-USD,25.0316124
2022-11-03,FTT-USD,24.35831451
2022-11-04,FTT-USD,25.47249222
2022-11-05,FTT-USD,24.05929565
2022-11-06,FTT-USD,22.26925087
2022-11-07,FTT-USD,22.14219666
2022-11-08,FTT-USD,5.518904209
2022-11-09,FTT-USD,2.300627947
2022-11-10,FTT-USD,3.516937971
2022-11-11,FTT-USD,2.590421915
2022-11-12,FTT-USD,2.088901043
2022-11-13,FTT-USD,1.489264011
2022-11-14,FTT-USD,1.474763989
2022-11-15,FTT-USD,1.835912943
2022-11-16,FTT-USD,1.623175025
2022-11-17,FTT-USD,1.561679006
2022-11-18,FTT-USD,1.457185984
2022-11-19,FTT-USD,1.416962028
2022-11-20,FTT-USD,1.334314942
2022-11-21,FTT-USD,1.255802989
2022-11-22,FTT-USD,1.331148982
2022-11-23,FTT-USD,1.298517942
2022-11-24,FTT-USD,1.376588941
2022-11-25,FTT-USD,1.400514007
2022-11-26,FTT-USD,1.364938974
2022-11-27,FTT-USD,1.315469027
2022-11-28,FTT-USD,1.29509306
2022-11-29,FTT-USD,1.303768992
2022-11-30,FTT-USD,1.33989203
2022-12-01,FTT-USD,1.290675044
2022-12-02,FTT-USD,1.307384968
2022-12-03,FTT-USD,1.314702034
2022-12-04,FTT-USD,1.387223005
2022-12-05,FTT-USD,1.391309023
2022-12-06,FTT-USD,1.454684019
2022-12-07,FTT-USD,1.39210701
2022-12-08,FTT-USD,1.363870978
2022-12-09,FTT-USD,1.700539947
2022-12-10,FTT-USD,1.516556025
2022-12-11,FTT-USD,1.523437977
2022-12-12,FTT-USD,1.487611055
2021-12-12,SOL-USD,173.4316711
2021-12-13,SOL-USD,155.2130585
2021-12-14,SOL-USD,153.3414459
2021-12-15,SOL-USD,178.3407898
2021-12-16,SOL-USD,176.9546661
2021-12-17,SOL-USD,175.5032959
2021-12-18,SOL-USD,182.8351288
2021-12-19,SOL-USD,180.098053
2021-12-20,SOL-USD,173.6717834
2021-12-21,SOL-USD,180.0925446
2021-12-22,SOL-USD,178.5971222
2021-12-23,SOL-USD,190.0363159
2021-12-24,SOL-USD,190.2731934
2021-12-25,SOL-USD,193.1209259
2021-12-26,SOL-USD,198.0007324
2021-12-27,SOL-USD,195.4295044
2021-12-28,SOL-USD,177.4256287
2021-12-29,SOL-USD,170.6575623
2021-12-30,SOL-USD,172.7511902
2021-12-31,SOL-USD,170.2990723
2022-01-01,SOL-USD,178.5179443
2022-01-02,SOL-USD,176.382843
2022-01-03,SOL-USD,170.2977448
2022-01-04,SOL-USD,167.9389038
2022-01-05,SOL-USD,155.0997314
2022-01-06,SOL-USD,150.4313507
2022-01-07,SOL-USD,136.4028168
2022-01-08,SOL-USD,142.5134583
2022-01-09,SOL-USD,140.8390045
2022-01-10,SOL-USD,135.9549408
2022-01-11,SOL-USD,140.1838531
2022-01-12,SOL-USD,151.7031097
2022-01-13,SOL-USD,146.0100403
2022-01-14,SOL-USD,146.1590271
2022-01-15,SOL-USD,147.801178
2022-01-16,SOL-USD,147.8565216
2022-01-17,SOL-USD,139.9260101
2022-01-18,SOL-USD,141.5871887
2022-01-19,SOL-USD,135.7923889
2022-01-20,SOL-USD,127.2052841
2022-01-21,SOL-USD,111.9660568
2022-01-22,SOL-USD,94.17836761
2022-01-23,SOL-USD,99.57822418
2022-01-24,SOL-USD,91.65016174
2022-01-25,SOL-USD,94.72035217
2022-01-26,SOL-USD,92.23804474
2022-01-27,SOL-USD,89.63249207
2022-01-28,SOL-USD,91.31289673
2022-01-29,SOL-USD,96.22348785
2022-01-30,SOL-USD,93.29767609
2022-01-31,SOL-USD,99.7388382
2022-02-01,SOL-USD,109.978981
2022-02-02,SOL-USD,101.8376007
2022-02-03,SOL-USD,101.4590378
2022-02-04,SOL-USD,112.1742477
2022-02-05,SOL-USD,113.8943024
2022-02-06,SOL-USD,115.2997589
2022-02-07,SOL-USD,117.3551483
2022-02-08,SOL-USD,113.5954819
2022-02-09,SOL-USD,114.0193787
2022-02-10,SOL-USD,106.2028046
2022-02-11,SOL-USD,96.38188171
2022-02-12,SOL-USD,95.91820526
2022-02-13,SOL-USD,93.24410248
2022-02-14,SOL-USD,96.43327332
2022-02-15,SOL-USD,104.8733063
2022-02-16,SOL-USD,101.9328995
2022-02-17,SOL-USD,93.41042328
2022-02-18,SOL-USD,90.06546021
2022-02-19,SOL-USD,91.4966507
2022-02-20,SOL-USD,90.90141296
2022-02-21,SOL-USD,83.12316132
2022-02-22,SOL-USD,86.46538544
2022-02-23,SOL-USD,84.90278625
2022-02-24,SOL-USD,89.19474792
2022-02-25,SOL-USD,92.59882355
2022-02-26,SOL-USD,90.14156342
2022-02-27,SOL-USD,85.5190506
2022-02-28,SOL-USD,99.5203476
2022-03-01,SOL-USD,98.65355682
2022-03-02,SOL-USD,100.6496353
2022-03-03,SOL-USD,95.53919983
2022-03-04,SOL-USD,88.24597931
2022-03-05,SOL-USD,89.64784241
2022-03-06,SOL-USD,84.54218292
2022-03-07,SOL-USD,82.13006592
2022-03-08,SOL-USD,82.25476074
2022-03-09,SOL-USD,88.20206451
2022-03-10,SOL-USD,82.93908691
2022-03-11,SOL-USD,80.74499512
2022-03-12,SOL-USD,81.55381775
2022-03-13,SOL-USD,78.9360733
2022-03-14,SOL-USD,81.17333984
2022-03-15,SOL-USD,82.95508575
2022-03-16,SOL-USD,87.90362549
2022-03-17,SOL-USD,87.87684631
2022-03-18,SOL-USD,89.82203674
2022-03-19,SOL-USD,92.41815186
2022-03-20,SOL-USD,88.61486053
2022-03-21,SOL-USD,88.75720215
2022-03-22,SOL-USD,90.51296997
2022-03-23,SOL-USD,95.10268402
2022-03-24,SOL-USD,102.2236938
2022-03-25,SOL-USD,98.65810394
2022-03-26,SOL-USD,101.764183
2022-03-27,SOL-USD,107.0842209
2022-03-28,SOL-USD,106.4652557
2022-03-29,SOL-USD,111.7103119
2022-03-30,SOL-USD,120.6994858
2022-03-31,SOL-USD,122.6614609
2022-04-01,SOL-USD,134.4309387
2022-04-02,SOL-USD,132.1988678
2022-04-03,SOL-USD,136.7753296
2022-04-04,SOL-USD,132.4126282
2022-04-05,SOL-USD,126.862236
2022-04-06,SOL-USD,112.8833847
2022-04-07,SOL-USD,118.7965164
2022-04-08,SOL-USD,109.8008804
2022-04-09,SOL-USD,112.9727936
2022-04-10,SOL-USD,111.7424393
2022-04-11,SOL-USD,99.3391037
2022-04-12,SOL-USD,103.3063889
2022-04-13,SOL-USD,105.0019455
2022-04-14,SOL-USD,100.7078018
2022-04-15,SOL-USD,101.3097763
2022-04-16,SOL-USD,102.2573166
2022-04-17,SOL-USD,100.4096985
2022-04-18,SOL-USD,102.1585312
2022-04-19,SOL-USD,108.5820313
2022-04-20,SOL-USD,105.4970016
2022-04-21,SOL-USD,101.7761383
2022-04-22,SOL-USD,100.6120529
2022-04-23,SOL-USD,100.7444382
2022-04-24,SOL-USD,99.23579407
2022-04-25,SOL-USD,101.2476349
2022-04-26,SOL-USD,95.78215027
2022-04-27,SOL-USD,98.3788681
2022-04-28,SOL-USD,98.18572998
2022-04-29,SOL-USD,94.01134491
2022-04-30,SOL-USD,85.09593201
2022-05-01,SOL-USD,89.67150879
2022-05-02,SOL-USD,87.58101654
2022-05-03,SOL-USD,85.84237671
2022-05-04,SOL-USD,92.77085114
2022-05-05,SOL-USD,84.59602356
2022-05-06,SOL-USD,81.76410675
2022-05-07,SOL-USD,78.98342133
2022-05-08,SOL-USD,75.22018433
2022-05-09,SOL-USD,63.26965332
2022-05-10,SOL-USD,66.76615143
2022-05-11,SOL-USD,50.21084976
2022-05-12,SOL-USD,44.68358994
2022-05-13,SOL-USD,48.59355164
2022-05-14,SOL-USD,52.41722488
2022-05-15,SOL-USD,58.81126022
2022-05-16,SOL-USD,53.64646149
2022-05-17,SOL-USD,57.12562561
2022-05-18,SOL-USD,49.75621033
2022-05-19,SOL-USD,52.21397781
2022-05-20,SOL-USD,49.53850937
2022-05-21,SOL-USD,50.31798172
2022-05-22,SOL-USD,52.75518036
2022-05-23,SOL-USD,49.05685043
2022-05-24,SOL-USD,49.65333557
2022-05-25,SOL-USD,47.98242569
2022-05-26,SOL-USD,43.49121094
2022-05-27,SOL-USD,40.98134613
2022-05-28,SOL-USD,44.34316254
2022-05-29,SOL-USD,44.90961456
2022-05-30,SOL-USD,47.17944336
2022-05-31,SOL-USD,45.76784134
2022-06-01,SOL-USD,40.26966858
2022-06-02,SOL-USD,40.89134598
2022-06-03,SOL-USD,38.25922012
2022-06-04,SOL-USD,38.93144608
2022-06-05,SOL-USD,38.4805336
2022-06-06,SOL-USD,42.43313217
2022-06-07,SOL-USD,39.43757248
2022-06-08,SOL-USD,38.84336853
2022-06-09,SOL-USD,39.97260666
2022-06-10,SOL-USD,37.08976746
2022-06-11,SOL-USD,33.8211174
2022-06-12,SOL-USD,30.74327087
2022-06-13,SOL-USD,28.19236183
2022-06-14,SOL-USD,29.71461868
2022-06-15,SOL-USD,34.48794174
2022-06-16,SOL-USD,29.98974228
2022-06-17,SOL-USD,30.74291992
2022-06-18,SOL-USD,31.80793571
2022-06-19,SOL-USD,34.24374771
2022-06-20,SOL-USD,35.41711426
2022-06-21,SOL-USD,36.1211586
2022-06-22,SOL-USD,34.12163544
2022-06-23,SOL-USD,38.17523193
2022-06-24,SOL-USD,42.21204758
2022-06-25,SOL-USD,42.33281326
2022-06-26,SOL-USD,39.40808868
2022-06-27,SOL-USD,38.45125198
2022-06-28,SOL-USD,35.3264389
2022-06-29,SOL-USD,33.87390137
2022-06-30,SOL-USD,33.58841705
2022-07-01,SOL-USD,32.80307007
2022-07-02,SOL-USD,33.35940933
2022-07-03,SOL-USD,33.38593292
2022-07-04,SOL-USD,36.78503036
2022-07-05,SOL-USD,35.39555359
2022-07-06,SOL-USD,37.07356262
2022-07-07,SOL-USD,38.51830673
2022-07-08,SOL-USD,38.28672028
2022-07-09,SOL-USD,38.07196045
2022-07-10,SOL-USD,36.69760895
2022-07-11,SOL-USD,33.46360016
2022-07-12,SOL-USD,32.75759506
2022-07-13,SOL-USD,34.91093826
2022-07-14,SOL-USD,37.10782242
2022-07-15,SOL-USD,37.41592789
2022-07-16,SOL-USD,39.57412338
2022-07-17,SOL-USD,38.64472198
2022-07-18,SOL-USD,43.7461586
2022-07-19,SOL-USD,44.89987564
2022-07-20,SOL-USD,42.09366989
2022-07-21,SOL-USD,43.19059372
2022-07-22,SOL-USD,40.61850357
2022-07-23,SOL-USD,40.04097748
2022-07-24,SOL-USD,41.00658417
2022-07-25,SOL-USD,36.71199799
2022-07-26,SOL-USD,36.19085312
2022-07-27,SOL-USD,40.30784988
2022-07-28,SOL-USD,42.84526825
2022-07-29,SOL-USD,41.92699814
2022-07-30,SOL-USD,43.75588989
2022-07-31,SOL-USD,42.4002037
2022-08-01,SOL-USD,41.78648376
2022-08-02,SOL-USD,39.75450516
2022-08-03,SOL-USD,38.54441833
2022-08-04,SOL-USD,38.83067322
2022-08-05,SOL-USD,40.56103134
2022-08-06,SOL-USD,40.05700684
2022-08-07,SOL-USD,40.60559082
2022-08-08,SOL-USD,42.1705513
2022-08-09,SOL-USD,40.37262344
2022-08-10,SOL-USD,42.36586761
2022-08-11,SOL-USD,42.82178879
2022-08-12,SOL-USD,45.33475876
2022-08-13,SOL-USD,46.48534775
2022-08-14,SOL-USD,44.91656876
2022-08-15,SOL-USD,43.82322311
2022-08-16,SOL-USD,43.15880585
2022-08-17,SOL-USD,40.40305328
2022-08-18,SOL-USD,39.54523087
2022-08-19,SOL-USD,35.89025879
2022-08-20,SOL-USD,35.26973343
2022-08-21,SOL-USD,36.53319931
2022-08-22,SOL-USD,35.47438049
2022-08-23,SOL-USD,35.64625168
2022-08-24,SOL-USD,34.95791626
2022-08-25,SOL-USD,35.31646347
2022-08-26,SOL-USD,31.72636223
2022-08-27,SOL-USD,31.54243279
2022-08-28,SOL-USD,30.3922863
2022-08-29,SOL-USD,32.4652977
2022-08-30,SOL-USD,31.41205597
2022-08-31,SOL-USD,31.4729557
2022-09-01,SOL-USD,31.5856781
2022-09-02,SOL-USD,31.22793007
2022-09-03,SOL-USD,31.10948372
2022-09-04,SOL-USD,32.10695648
2022-09-05,SOL-USD,32.19464874
2022-09-06,SOL-USD,30.89174271
2022-09-07,SOL-USD,32.71091843
2022-09-08,SOL-USD,33.60864639
2022-09-09,SOL-USD,34.73976517
2022-09-10,SOL-USD,35.12672806
2022-09-11,SOL-USD,34.96596146
2022-09-12,SOL-USD,37.42418289
2022-09-13,SOL-USD,33.43081665
2022-09-14,SOL-USD,34.09157181
2022-09-15,SOL-USD,33.04768372
2022-09-16,SOL-USD,32.20885849
2022-09-17,SOL-USD,33.7507782
2022-09-18,SOL-USD,31.05985451
2022-09-19,SOL-USD,32.68530273
2022-09-20,SOL-USD,31.43304062
2022-09-21,SOL-USD,30.82637787
2022-09-22,SOL-USD,32.40890503
2022-09-23,SOL-USD,33.67663574
2022-09-24,SOL-USD,33.4626503
2022-09-25,SOL-USD,32.33536148
2022-09-26,SOL-USD,33.8805542
2022-09-27,SOL-USD,32.7501297
2022-09-28,SOL-USD,33.2354393
2022-09-29,SOL-USD,33.9524498
2022-09-30,SOL-USD,33.21244431
2022-10-01,SOL-USD,32.46939468
2022-10-02,SOL-USD,32.05569839
2022-10-03,SOL-USD,32.96762085
2022-10-04,SOL-USD,34.12247086
2022-10-05,SOL-USD,34.07388306
2022-10-06,SOL-USD,33.34281921
2022-10-07,SOL-USD,33.00146484
2022-10-08,SOL-USD,32.57793427
2022-10-09,SOL-USD,32.91388321
2022-10-10,SOL-USD,31.97083473
2022-10-11,SOL-USD,30.77686882
2022-10-12,SOL-USD,31.16548538
2022-10-13,SOL-USD,30.54451942
2022-10-14,SOL-USD,30.00741768
2022-10-15,SOL-USD,29.5753479
2022-10-16,SOL-USD,30.16884041
2022-10-17,SOL-USD,31.2248764
2022-10-18,SOL-USD,30.16433144
2022-10-19,SOL-USD,28.9007988
2022-10-20,SOL-USD,28.08509636
2022-10-21,SOL-USD,28.10867691
2022-10-22,SOL-USD,28.01386261
2022-10-23,SOL-USD,29.27007103
2022-10-24,SOL-USD,28.31006432
2022-10-25,SOL-USD,30.93997574
2022-10-26,SOL-USD,31.28472137
2022-10-27,SOL-USD,30.63062477
2022-10-28,SOL-USD,32.11126328
2022-10-29,SOL-USD,32.85712814
2022-10-30,SOL-USD,32.96593094
2022-10-31,SOL-USD,32.61103821
2022-11-01,SOL-USD,32.24842453
2022-11-02,SOL-USD,30.7880764
2022-11-03,SOL-USD,30.8438797
2022-11-04,SOL-USD,33.78085327
2022-11-05,SOL-USD,36.76576233
2022-11-06,SOL-USD,32.68358231
2022-11-07,SOL-USD,29.60134506
2022-11-08,SOL-USD,24.15293694
2022-11-09,SOL-USD,13.94085693
2022-11-10,SOL-USD,17.68140793
2022-11-11,SOL-USD,16.32674599
2022-11-12,SOL-USD,14.53900146
2022-11-13,SOL-USD,13.16452885
2022-11-14,SOL-USD,14.00135612
2022-11-15,SOL-USD,14.30129433
2022-11-16,SOL-USD,14.28550816
2022-11-17,SOL-USD,13.63873482
2022-11-18,SOL-USD,13.2474966
2022-11-19,SOL-USD,12.85101414
2022-11-20,SOL-USD,12.25283337
2022-11-21,SOL-USD,11.84620857
2022-11-22,SOL-USD,12.43562508
2022-11-23,SOL-USD,14.35151196
2022-11-24,SOL-USD,14.58235073
2022-11-25,SOL-USD,14.06313801
2022-11-26,SOL-USD,14.15919399
2022-11-27,SOL-USD,14.11576653
2022-11-28,SOL-USD,13.40451813
2022-11-29,SOL-USD,13.36973381
2022-11-30,SOL-USD,14.11544514
2022-12-01,SOL-USD,13.48096848
2022-12-02,SOL-USD,13.71564007
2022-12-03,SOL-USD,13.30245781
2022-12-04,SOL-USD,13.7182188
2022-12-05,SOL-USD,13.83111286
2022-12-06,SOL-USD,14.2888546
2022-12-07,SOL-USD,13.51965332
2022-12-08,SOL-USD,13.68922234
2022-12-09,SOL-USD,13.5801878
2022-12-10,SOL-USD,13.57699585
2022-12-11,SOL-USD,13.42780972
2022-12-12,SOL-USD,13.20302677
