date,token,price,marketCap,total,share,z,x,c,v,b,n,m
2017-01-01,ADA,0,0,22.29716332,0,0,0,970.4030151,10.72749996,0,0.006314,22.29716332
2017-02-01,ADA,0,0,27.23103333,0,0,0,1179.969971,15.81719971,0,0.005536,27.23103333
2017-03-01,ADA,0,0,30.60096674,0,0,0,1071.790039,50.03730011,0,0.020888999,30.60096674
2017-04-01,ADA,0,0,42.94893472,0,0,0,1347.890015,79.02120209,0,0.051607002,42.94893472
2017-05-01,ADA,0,0,100.3538893,0,0,0,2286.409912,230.6690063,0,0.246590003,100.3538893
2017-06-01,ADA,0,0,113.7805606,0,0,0,2480.840088,294.9159851,0,0.262930006,113.7805606
2017-07-01,ADA,0,0,101.5852616,0,0,0,2875.340088,203.8710022,0,0.167385995,101.5852616
2017-08-01,ADA,0,0,170.7399886,0,0,2.203789949,4703.390137,383.0419922,0,0.255629987,170.7399886
2017-09-01,ADA,0,0,147.298325,0,0,1.283579946,4338.709961,301.4649963,0,0.197529003,147.298325
2017-10-01,ADA,0.030437,1.369665,194.2299214,0.007051771,0.030437,1.312890053,6468.399902,305.8789978,0,0.200558007,194.2299214
2017-11-01,ADA,0.119883001,5.394735045,299.4412031,0.018016008,0.119883001,1.996970057,10233.59961,447.1140137,0,0.250878006,299.4412031
2017-12-01,ADA,0.719694972,32.38627374,652.2627556,0.049652189,0.719694972,8.635580063,14156.40039,756.7329712,0,2.300570011,652.2627556
2018-01-01,ADA,0.519315004,23.36917518,490.6774735,0.047626346,0.519315004,11.14500046,10221.09961,1118.310059,0,1.162389994,490.6774735
2018-02-01,ADA,0.312581003,14.06614514,427.591868,0.032896194,0.312581003,10.4382,10397.90039,855.1989746,0,0.904582977,427.591868
2018-03-01,ADA,0.155919001,7.016355045,254.4818008,0.027571147,0.155919001,11.05589962,6973.529785,396.4570007,0,0.512353003,254.4818008
2018-04-01,ADA,0.343317986,15.44930937,376.5479577,0.041028796,0.343317986,14.31210041,9240.549805,669.9240112,0,0.837938011,376.5479577
2018-05-01,ADA,0.225214005,10.13463023,300.9298431,0.033677717,0.225214005,14.19019985,7494.169922,577.6450195,0,0.612622023,300.9298431
2018-06-01,ADA,0.137670994,6.19519473,244.8567534,0.025301302,0.137670994,14.6573,6404,455.1799927,0,0.466244996,244.8567534
2018-07-01,ADA,0.143297002,6.44836509,268.1792254,0.024044984,0.143297002,13.77540016,7780.439941,433.8670044,0,0.43522501,268.1792254
2018-08-01,ADA,0.102196001,4.598820045,222.084442,0.020707529,0.102196001,11.01379967,7037.580078,283.0039978,0,0.335332006,222.084442
2018-09-01,ADA,0.085194997,3.833774865,231.0730567,0.016591181,0.085194997,10.01780033,6625.560059,232.8480072,0,0.581571996,231.0730567
2018-10-01,ADA,0.069705002,3.13672509,206.2081725,0.015211449,0.069705002,9.364959717,6317.609863,197.3809967,0.008824,0.44838199,206.2081725
2018-11-01,ADA,0.038915999,1.751219955,136.9573973,0.012786604,0.038915999,5.078571796,4017.268555,113.1714172,0.003269,0.36245501,136.9573973
2018-12-01,ADA,0.041063,1.847835,132.9529369,0.013898414,0.041063,6.164731979,3742.700439,133.3682556,0.001226,0.352705985,132.9529369
2019-01-01,ADA,0.038373999,1.726829955,119.4459947,0.014456993,0.038373999,6.268435955,3457.792725,107.0610123,0.001695,0.310036004,119.4459947
2019-02-01,ADA,0.043122999,1.940534955,132.8824696,0.014603393,0.043122999,10.36517811,3854.7854,136.7462463,0.001972,0.31507799,132.8824696
2019-03-01,ADA,0.069746003,3.138570135,140.7381486,0.022300777,0.069746003,17.40167046,4105.404297,141.5140991,0.002171,0.309228987,140.7381486
2019-04-01,ADA,0.070345998,3.16556991,170.3641807,0.018581194,0.070345998,22.12783623,5350.726563,162.1660309,0.000491,0.309475988,170.3641807
2019-05-01,ADA,0.089441001,4.024845045,266.6703505,0.01509296,0.089441001,32.74816513,8574.501953,268.1135559,0.000571,0.438573986,266.6703505
2019-06-01,ADA,0.082098,3.69441,311.8680914,0.011846066,0.082098,32.44248199,10817.15527,290.6959839,0.000571,0.396411002,311.8680914
2019-07-01,ADA,0.060152002,2.70684009,278.3636409,0.009724115,0.060152002,27.64455795,10085.62793,218.6541443,0.000571,0.320908993,278.3636409
2019-08-01,ADA,0.044989999,2.024549955,255.1387589,0.007935094,0.044989999,21.26591492,9630.664063,172.4697876,0.000571,0.259204,255.1387589
2019-09-01,ADA,0.038885001,1.749825045,226.2718611,0.007733286,0.038885001,15.86267471,8293.868164,179.8722076,0.000571,0.255932987,226.2718611
2019-10-01,ADA,0.041636001,1.873620045,250.777086,0.007471257,0.041636001,20.0002327,9199.584961,183.9669189,0.000571,0.296357989,250.777086
2019-11-01,ADA,0.040424999,1.819124955,204.8770115,0.008879107,0.040424999,15.71595097,7569.629883,152.5396881,0.000571,0.226474002,204.8770115
2019-12-01,ADA,0.032845002,1.47802509,190.1321434,0.007773673,0.032845002,13.72764206,7193.599121,129.6108551,0.000571,0.192893997,190.1321434
2020-01-01,ADA,0.053792998,2.42068491,247.9668229,0.009762132,0.053792998,18.21097946,9350.529297,180.1601715,0.000571,0.239233002,247.9668229
2020-02-01,ADA,0.047541,2.139345,236.1472758,0.009059368,0.047541,19.58409119,8599.508789,219.8485107,0.000571,0.231193006,236.1472758
2020-03-01,ADA,0.030553,1.374885,172.590576,0.007966165,0.030553,12.58160591,6438.644531,133.5935669,0.000571,0.174563006,172.590576
2020-04-01,ADA,0.047846001,2.153070045,233.9482393,0.00920319,0.047846001,17.0339756,8658.553711,207.6020508,0.691044986,0.212761,233.9482393
2020-05-01,ADA,0.074352004,3.34584018,253.7493815,0.013185609,0.074352004,17.04047203,9461.058594,230.975708,0.570021987,0.202905998,253.7493815
2020-06-01,ADA,0.083116002,3.74022009,243.9266037,0.015333383,0.083116002,15.41358185,9137.993164,226.3150024,0.860094011,0.175870001,243.9266037
2020-07-01,ADA,0.138797998,6.24590991,316.3537651,0.019743435,0.138797998,20.66814613,11323.4668,345.554657,1.538177967,0.25890401,316.3537651
2020-08-01,ADA,0.122688003,5.520960135,338.4061422,0.016314598,0.122688003,23.19305038,11680.82031,435.0797424,4.782045841,0.281765997,338.4061422
2020-09-01,ADA,0.101062,4.54779,305.8044868,0.014871561,0.101062,29.29087639,10784.49121,359.9378662,2.897876024,0.241784006,305.8044868
2020-10-01,ADA,0.093056001,4.187520045,370.4657148,0.011303394,0.093056001,28.43121529,13780.99512,386.590332,1.540699959,0.239743993,370.4657148
2020-11-01,ADA,0.171307996,7.70885982,567.3990268,0.013586311,0.171307996,31.39278603,19625.83594,614.8425293,1.96689105,0.664336979,567.3990268
2020-12-01,ADA,0.181397006,8.16286527,736.0050563,0.011090773,0.181397006,37.37603378,29001.7207,737.8034058,1.510897994,0.219845995,736.0050563
2021-01-01,ADA,0.344897985,15.52040933,929.0924819,0.016704913,0.344897985,44.27599335,33114.35938,1314.986206,4.264143944,0.492314011,929.0924819
2021-02-01,ADA,1.308058977,58.86265397,1267.107704,0.046454341,1.308058977,209.5744019,45137.76953,1416.04895,13.08924675,0.414952993,1267.107704
2021-03-01,ADA,1.193264008,53.69688036,1649.428751,0.032554835,1.193264008,302.063446,58918.83203,1918.362061,19.46522903,0.57386899,1649.428751
2021-04-01,ADA,1.352449059,60.86020766,1913.40667,0.031807252,1.352449059,624.0805664,57750.17578,2773.207031,42.95600128,1.59167397,1913.40667
2021-05-01,ADA,1.742777944,78.42500748,1381.322188,0.056775319,1.742777944,354.3293457,37332.85547,2714.945313,32.81624603,1.04658401,1381.322188
2021-06-01,ADA,1.383471966,62.25623847,1221.414311,0.050970615,1.383471966,303.2958679,35040.83594,2274.547607,35.55640411,0.70637399,1221.414311
2021-07-01,ADA,1.322345018,59.50552581,1399.228779,0.042527374,1.322345018,333.5495911,41626.19531,2536.209961,36.82731247,0.747785985,1399.228779
2021-08-01,ADA,2.772475004,124.7613752,1797.100079,0.069423721,2.772475004,464.4187317,47166.6875,3433.732666,108.4837723,1.187592983,1797.100079
2021-09-01,ADA,2.114451885,95.15033483,1623.248672,0.058617226,2.114451885,387.0573425,43790.89453,3001.678955,141.069046,0.952636003,1623.248672
2021-10-01,ADA,1.965026021,88.42617095,2215.388434,0.039914522,1.965026021,524.3644409,61318.95703,4288.074219,202.4210205,1.113247037,2215.388434
2021-11-01,ADA,1.55490303,69.97063635,2159.119083,0.03240703,1.55490303,622.6698608,57005.42578,4631.479004,208.67099,0.998754025,2159.119083
2021-12-01,ADA,1.310209036,58.95940662,1750.04896,0.033690147,1.310209036,511.708313,46306.44531,3682.632813,170.2990723,0.831162989,1750.04896
2022-01-01,ADA,1.052302957,47.35363307,1368.523098,0.034601998,1.052302957,375.2773132,38483.125,2688.278809,99.7388382,0.619149029,1368.523098
2022-02-01,ADA,0.959828019,43.19226086,1511.224114,0.028580976,0.959828019,395.6124268,43193.23438,2919.201172,99.5203476,0.782043993,1511.224114
2022-03-01,ADA,1.141850948,51.38329266,1634.478786,0.031437112,1.141850948,428.9161072,45538.67578,3281.642822,122.6614609,0.81456399,1634.478786
2022-04-01,ADA,0.756659985,34.04969933,1333.558573,0.025532961,0.756659985,377.7678223,37714.875,2730.186768,85.09593201,0.587091029,1333.558573
2022-05-01,ADA,0.625253975,28.13642888,1059.669596,0.026552077,0.625253975,320.4851074,31792.31055,1942.328003,45.76784134,0.421867013,1059.669596
2022-06-01,ADA,0.458849013,20.64820559,659.2115321,0.031322579,0.458849013,219.3000946,19784.72656,1067.298828,33.58841705,0.331447989,659.2115321
2022-07-01,ADA,0.517019987,23.26589942,832.6110081,0.0279433,0.517019987,283.5794678,23336.89648,1681.517334,42.4002037,0.380457997,832.6110081
2022-08-01,ADA,0.446664989,20.09992451,733.091279,0.027418038,0.446664989,279.2380981,20049.76367,1553.684937,31.4729557,0.327870011,733.091279
2022-09-01,ADA,0.434413999,19.54862996,709.591365,0.027549137,0.434413999,284.1922913,19431.78906,1327.978638,33.21244431,0.479773998,709.591365
2022-10-01,ADA,0.40633601,18.28512045,766.7652594,0.02384709,0.40633601,326.3607178,20495.77344,1572.714478,32.61103821,0.465914994,766.7652594
2022-11-01,ADA,0.318883002,14.34973509,638.9713079,0.022457558,0.318883002,300.794342,17168.56641,1295.688599,14.11544514,0.408742994,638.9713079
2022-12-01,ADA,0.311677009,14.02546541,628.9482052,0.022299873,0.311677009,286.0904236,17133.15234,1264.28479,13.5801878,0.389153004,628.9482052
2022-12-12,ADA,0.306527615,13.79374268,627.7330525,0.021973899,0.306406289,275.8238831,17168.67773,1271.338623,13.28114414,0.385584325,627.7330525
2017-01-01,BNB,0,0,22.29716332,0,0,0,970.4030151,10.72749996,0,0.006314,22.29716332
2017-02-01,BNB,0,0,27.23103333,0,0,0,1179.969971,15.81719971,0,0.005536,27.23103333
2017-03-01,BNB,0,0,30.60096674,0,0,0,1071.790039,50.03730011,0,0.020888999,30.60096674
2017-04-01,BNB,0,0,42.94893472,0,0,0,1347.890015,79.02120209,0,0.051607002,42.94893472
2017-05-01,BNB,0,0,100.3538893,0,0,0,2286.409912,230.6690063,0,0.246590003,100.3538893
2017-06-01,BNB,0,0,113.7805606,0,0,0,2480.840088,294.9159851,0,0.262930006,113.7805606
2017-07-01,BNB,0,0,101.5852616,0,0,0,2875.340088,203.8710022,0,0.167385995,101.5852616
2017-08-01,BNB,2.203789949,0.44075799,170.7399886,0.002581457,0,2.203789949,4703.390137,383.0419922,0,0.255629987,170.7399886
2017-09-01,BNB,1.283579946,0.256715989,147.298325,0.00174283,0,1.283579946,4338.709961,301.4649963,0,0.197529003,147.298325
2017-10-01,BNB,1.312890053,0.262578011,194.2299214,0.001351893,0.030437,1.312890053,6468.399902,305.8789978,0,0.200558007,194.2299214
2017-11-01,BNB,1.996970057,0.399394011,299.4412031,0.001333798,0.119883001,1.996970057,10233.59961,447.1140137,0,0.250878006,299.4412031
2017-12-01,BNB,8.635580063,1.727116013,652.2627556,0.002647884,0.719694972,8.635580063,14156.40039,756.7329712,0,2.300570011,652.2627556
2018-01-01,BNB,11.14500046,2.229000092,490.6774735,0.004542699,0.519315004,11.14500046,10221.09961,1118.310059,0,1.162389994,490.6774735
2018-02-01,BNB,10.4382,2.08764,427.591868,0.004882319,0.312581003,10.4382,10397.90039,855.1989746,0,0.904582977,427.591868
2018-03-01,BNB,11.05589962,2.211179924,254.4818008,0.008688951,0.155919001,11.05589962,6973.529785,396.4570007,0,0.512353003,254.4818008
2018-04-01,BNB,14.31210041,2.862420082,376.5479577,0.007601741,0.343317986,14.31210041,9240.549805,669.9240112,0,0.837938011,376.5479577
2018-05-01,BNB,14.19019985,2.83803997,300.9298431,0.009430902,0.225214005,14.19019985,7494.169922,577.6450195,0,0.612622023,300.9298431
2018-06-01,BNB,14.6573,2.93146,244.8567534,0.011972143,0.137670994,14.6573,6404,455.1799927,0,0.466244996,244.8567534
2018-07-01,BNB,13.77540016,2.755080032,268.1792254,0.010273279,0.143297002,13.77540016,7780.439941,433.8670044,0,0.43522501,268.1792254
2018-08-01,BNB,11.01379967,2.202759934,222.084442,0.009918569,0.102196001,11.01379967,7037.580078,283.0039978,0,0.335332006,222.084442
2018-09-01,BNB,10.01780033,2.003560066,231.0730567,0.008670678,0.085194997,10.01780033,6625.560059,232.8480072,0,0.581571996,231.0730567
2018-10-01,BNB,9.364959717,1.872991943,206.2081725,0.009083015,0.069705002,9.364959717,6317.609863,197.3809967,0.008824,0.44838199,206.2081725
2018-11-01,BNB,5.078571796,1.015714359,136.9573973,0.00741628,0.038915999,5.078571796,4017.268555,113.1714172,0.003269,0.36245501,136.9573973
2018-12-01,BNB,6.164731979,1.232946396,132.9529369,0.009273555,0.041063,6.164731979,3742.700439,133.3682556,0.001226,0.352705985,132.9529369
2019-01-01,BNB,6.268435955,1.253687191,119.4459947,0.01049585,0.038373999,6.268435955,3457.792725,107.0610123,0.001695,0.310036004,119.4459947
2019-02-01,BNB,10.36517811,2.073035622,132.8824696,0.01560052,0.043122999,10.36517811,3854.7854,136.7462463,0.001972,0.31507799,132.8824696
2019-03-01,BNB,17.40167046,3.480334092,140.7381486,0.024729145,0.069746003,17.40167046,4105.404297,141.5140991,0.002171,0.309228987,140.7381486
2019-04-01,BNB,22.12783623,4.425567246,170.3641807,0.025977099,0.070345998,22.12783623,5350.726563,162.1660309,0.000491,0.309475988,170.3641807
2019-05-01,BNB,32.74816513,6.549633026,266.6703505,0.024560785,0.089441001,32.74816513,8574.501953,268.1135559,0.000571,0.438573986,266.6703505
2019-06-01,BNB,32.44248199,6.488496398,311.8680914,0.020805259,0.082098,32.44248199,10817.15527,290.6959839,0.000571,0.396411002,311.8680914
2019-07-01,BNB,27.64455795,5.52891159,278.3636409,0.01986219,0.060152002,27.64455795,10085.62793,218.6541443,0.000571,0.320908993,278.3636409
2019-08-01,BNB,21.26591492,4.253182984,255.1387589,0.016670078,0.044989999,21.26591492,9630.664063,172.4697876,0.000571,0.259204,255.1387589
2019-09-01,BNB,15.86267471,3.172534942,226.2718611,0.014020899,0.038885001,15.86267471,8293.868164,179.8722076,0.000571,0.255932987,226.2718611
2019-10-01,BNB,20.0002327,4.00004654,250.777086,0.015950606,0.041636001,20.0002327,9199.584961,183.9669189,0.000571,0.296357989,250.777086
2019-11-01,BNB,15.71595097,3.143190194,204.8770115,0.015341839,0.040424999,15.71595097,7569.629883,152.5396881,0.000571,0.226474002,204.8770115
2019-12-01,BNB,13.72764206,2.745528412,190.1321434,0.014440107,0.032845002,13.72764206,7193.599121,129.6108551,0.000571,0.192893997,190.1321434
2020-01-01,BNB,18.21097946,3.642195892,247.9668229,0.014688239,0.053792998,18.21097946,9350.529297,180.1601715,0.000571,0.239233002,247.9668229
2020-02-01,BNB,19.58409119,3.916818238,236.1472758,0.016586337,0.047541,19.58409119,8599.508789,219.8485107,0.000571,0.231193006,236.1472758
2020-03-01,BNB,12.58160591,2.516321182,172.590576,0.014579714,0.030553,12.58160591,6438.644531,133.5935669,0.000571,0.174563006,172.590576
2020-04-01,BNB,17.0339756,3.40679512,233.9482393,0.014562175,0.047846001,17.0339756,8658.553711,207.6020508,0.691044986,0.212761,233.9482393
2020-05-01,BNB,17.04047203,3.408094406,253.7493815,0.013430947,0.074352004,17.04047203,9461.058594,230.975708,0.570021987,0.202905998,253.7493815
2020-06-01,BNB,15.41358185,3.08271637,243.9266037,0.012637885,0.083116002,15.41358185,9137.993164,226.3150024,0.860094011,0.175870001,243.9266037
2020-07-01,BNB,20.66814613,4.133629226,316.3537651,0.013066477,0.138797998,20.66814613,11323.4668,345.554657,1.538177967,0.25890401,316.3537651
2020-08-01,BNB,23.19305038,4.638610076,338.4061422,0.013707228,0.122688003,23.19305038,11680.82031,435.0797424,4.782045841,0.281765997,338.4061422
2020-09-01,BNB,29.29087639,5.858175278,305.8044868,0.019156603,0.101062,29.29087639,10784.49121,359.9378662,2.897876024,0.241784006,305.8044868
2020-10-01,BNB,28.43121529,5.686243058,370.4657148,0.015348905,0.093056001,28.43121529,13780.99512,386.590332,1.540699959,0.239743993,370.4657148
2020-11-01,BNB,31.39278603,6.278557206,567.3990268,0.011065506,0.171307996,31.39278603,19625.83594,614.8425293,1.96689105,0.664336979,567.3990268
2020-12-01,BNB,37.37603378,7.475206756,736.0050563,0.010156461,0.181397006,37.37603378,29001.7207,737.8034058,1.510897994,0.219845995,736.0050563
2021-01-01,BNB,44.27599335,8.85519867,929.0924819,0.00953102,0.344897985,44.27599335,33114.35938,1314.986206,4.264143944,0.492314011,929.0924819
2021-02-01,BNB,209.5744019,41.91488038,1267.107704,0.033079177,1.308058977,209.5744019,45137.76953,1416.04895,13.08924675,0.414952993,1267.107704
2021-03-01,BNB,302.063446,60.4126892,1649.428751,0.036626432,1.193264008,302.063446,58918.83203,1918.362061,19.46522903,0.57386899,1649.428751
2021-04-01,BNB,624.0805664,124.8161133,1913.40667,0.065232402,1.352449059,624.0805664,57750.17578,2773.207031,42.95600128,1.59167397,1913.40667
2021-05-01,BNB,354.3293457,70.86586914,1381.322188,0.051302925,1.742777944,354.3293457,37332.85547,2714.945313,32.81624603,1.04658401,1381.322188
2021-06-01,BNB,303.2958679,60.65917358,1221.414311,0.049663061,1.383471966,303.2958679,35040.83594,2274.547607,35.55640411,0.70637399,1221.414311
2021-07-01,BNB,333.5495911,66.70991822,1399.228779,0.047676205,1.322345018,333.5495911,41626.19531,2536.209961,36.82731247,0.747785985,1399.228779
2021-08-01,BNB,464.4187317,92.88374634,1797.100079,0.05168535,2.772475004,464.4187317,47166.6875,3433.732666,108.4837723,1.187592983,1797.100079
2021-09-01,BNB,387.0573425,77.4114685,1623.248672,0.047689223,2.114451885,387.0573425,43790.89453,3001.678955,141.069046,0.952636003,1623.248672
2021-10-01,BNB,524.3644409,104.8728882,2215.388434,0.047338375,1.965026021,524.3644409,61318.95703,4288.074219,202.4210205,1.113247037,2215.388434
2021-11-01,BNB,622.6698608,124.5339722,2159.119083,0.05767814,1.55490303,622.6698608,57005.42578,4631.479004,208.67099,0.998754025,2159.119083
2021-12-01,BNB,511.708313,102.3416626,1750.04896,0.058479314,1.310209036,511.708313,46306.44531,3682.632813,170.2990723,0.831162989,1750.04896
2022-01-01,BNB,375.2773132,75.05546264,1368.523098,0.054844133,1.052302957,375.2773132,38483.125,2688.278809,99.7388382,0.619149029,1368.523098
2022-02-01,BNB,395.6124268,79.12248536,1511.224114,0.052356553,0.959828019,395.6124268,43193.23438,2919.201172,99.5203476,0.782043993,1511.224114
2022-03-01,BNB,428.9161072,85.78322144,1634.478786,0.052483533,1.141850948,428.9161072,45538.67578,3281.642822,122.6614609,0.81456399,1634.478786
2022-04-01,BNB,377.7678223,75.55356446,1333.558573,0.056655603,0.756659985,377.7678223,37714.875,2730.186768,85.09593201,0.587091029,1333.558573
2022-05-01,BNB,320.4851074,64.09702148,1059.669596,0.060487742,0.625253975,320.4851074,31792.31055,1942.328003,45.76784134,0.421867013,1059.669596
2022-06-01,BNB,219.3000946,43.86001892,659.2115321,0.066534059,0.458849013,219.3000946,19784.72656,1067.298828,33.58841705,0.331447989,659.2115321
2022-07-01,BNB,283.5794678,56.71589356,832.6110081,0.068118116,0.517019987,283.5794678,23336.89648,1681.517334,42.4002037,0.380457997,832.6110081
2022-08-01,BNB,279.2380981,55.84761962,733.091279,0.07618099,0.446664989,279.2380981,20049.76367,1553.684937,31.4729557,0.327870011,733.091279
2022-09-01,BNB,284.1922913,56.83845826,709.591365,0.080100268,0.434413999,284.1922913,19431.78906,1327.978638,33.21244431,0.479773998,709.591365
2022-10-01,BNB,326.3607178,65.27214356,766.7652594,0.085126631,0.40633601,326.3607178,20495.77344,1572.714478,32.61103821,0.465914994,766.7652594
2022-11-01,BNB,300.794342,60.1588684,638.9713079,0.094149561,0.318883002,300.794342,17168.56641,1295.688599,14.11544514,0.408742994,638.9713079
2022-12-01,BNB,286.0904236,57.21808472,628.9482052,0.09097424,0.311677009,286.0904236,17133.15234,1264.28479,13.5801878,0.389153004,628.9482052
2022-12-12,BNB,276.989624,55.3979248,627.7330525,0.088250769,0.306406289,275.8238831,17168.67773,1271.338623,13.28114414,0.385584325,627.7330525
2017-01-01,BTC,970.4030151,20.37846332,22.29716332,0.913948695,0,0,970.4030151,10.72749996,0,0.006314,22.29716332
2017-02-01,BTC,1179.969971,24.77936939,27.23103333,0.909968017,0,0,1179.969971,15.81719971,0,0.005536,27.23103333
2017-03-01,BTC,1071.790039,22.50759082,30.60096674,0.735518946,0,0,1071.790039,50.03730011,0,0.020888999,30.60096674
2017-04-01,BTC,1347.890015,28.30569032,42.94893472,0.659054538,0,0,1347.890015,79.02120209,0,0.051607002,42.94893472
2017-05-01,BTC,2286.409912,48.01460815,100.3538893,0.478452888,0,0,2286.409912,230.6690063,0,0.246590003,100.3538893
2017-06-01,BTC,2480.840088,52.09764185,113.7805606,0.457878231,0,0,2480.840088,294.9159851,0,0.262930006,113.7805606
2017-07-01,BTC,2875.340088,60.38214185,101.5852616,0.594398645,0,0,2875.340088,203.8710022,0,0.167385995,101.5852616
2017-08-01,BTC,4703.390137,98.77119288,170.7399886,0.578488928,0,2.203789949,4703.390137,383.0419922,0,0.255629987,170.7399886
2017-09-01,BTC,4338.709961,91.11290918,147.298325,0.618560389,0,1.283579946,4338.709961,301.4649963,0,0.197529003,147.298325
2017-10-01,BTC,6468.399902,135.8363979,194.2299214,0.699358765,0.030437,1.312890053,6468.399902,305.8789978,0,0.200558007,194.2299214
2017-11-01,BTC,10233.59961,214.9055918,299.4412031,0.71768878,0.119883001,1.996970057,10233.59961,447.1140137,0,0.250878006,299.4412031
2017-12-01,BTC,14156.40039,297.2844082,652.2627556,0.455774005,0.719694972,8.635580063,14156.40039,756.7329712,0,2.300570011,652.2627556
2018-01-01,BTC,10221.09961,214.6430918,490.6774735,0.437442319,0.519315004,11.14500046,10221.09961,1118.310059,0,1.162389994,490.6774735
2018-02-01,BTC,10397.90039,218.3559082,427.591868,0.510664315,0.312581003,10.4382,10397.90039,855.1989746,0,0.904582977,427.591868
2018-03-01,BTC,6973.529785,146.4441255,254.4818008,0.575460112,0.155919001,11.05589962,6973.529785,396.4570007,0,0.512353003,254.4818008
2018-04-01,BTC,9240.549805,194.0515459,376.5479577,0.515343509,0.343317986,14.31210041,9240.549805,669.9240112,0,0.837938011,376.5479577
2018-05-01,BTC,7494.169922,157.3775684,300.9298431,0.522970958,0.225214005,14.19019985,7494.169922,577.6450195,0,0.612622023,300.9298431
2018-06-01,BTC,6404,134.484,244.8567534,0.549235413,0.137670994,14.6573,6404,455.1799927,0,0.466244996,244.8567534
2018-07-01,BTC,7780.439941,163.3892388,268.1792254,0.609253899,0.143297002,13.77540016,7780.439941,433.8670044,0,0.43522501,268.1792254
2018-08-01,BTC,7037.580078,147.7891816,222.084442,0.665463912,0.102196001,11.01379967,7037.580078,283.0039978,0,0.335332006,222.084442
2018-09-01,BTC,6625.560059,139.1367612,231.0730567,0.602133209,0.085194997,10.01780033,6625.560059,232.8480072,0,0.581571996,231.0730567
2018-10-01,BTC,6317.609863,132.6698071,206.2081725,0.643378027,0.069705002,9.364959717,6317.609863,197.3809967,0.008824,0.44838199,206.2081725
2018-11-01,BTC,4017.268555,84.36263966,136.9573973,0.615977241,0.038915999,5.078571796,4017.268555,113.1714172,0.003269,0.36245501,136.9573973
2018-12-01,BTC,3742.700439,78.59670922,132.9529369,0.591161888,0.041063,6.164731979,3742.700439,133.3682556,0.001226,0.352705985,132.9529369
2019-01-01,BTC,3457.792725,72.61364723,119.4459947,0.607920319,0.038373999,6.268435955,3457.792725,107.0610123,0.001695,0.310036004,119.4459947
2019-02-01,BTC,3854.7854,80.9504934,132.8824696,0.609188659,0.043122999,10.36517811,3854.7854,136.7462463,0.001972,0.31507799,132.8824696
2019-03-01,BTC,4105.404297,86.21349024,140.7381486,0.612580818,0.069746003,17.40167046,4105.404297,141.5140991,0.002171,0.309228987,140.7381486
2019-04-01,BTC,5350.726563,112.3652578,170.3641807,0.659559171,0.070345998,22.12783623,5350.726563,162.1660309,0.000491,0.309475988,170.3641807
2019-05-01,BTC,8574.501953,180.064541,266.6703505,0.675232701,0.089441001,32.74816513,8574.501953,268.1135559,0.000571,0.438573986,266.6703505
2019-06-01,BTC,10817.15527,227.1602607,311.8680914,0.728385708,0.082098,32.44248199,10817.15527,290.6959839,0.000571,0.396411002,311.8680914
2019-07-01,BTC,10085.62793,211.7981865,278.3636409,0.760868718,0.060152002,27.64455795,10085.62793,218.6541443,0.000571,0.320908993,278.3636409
2019-08-01,BTC,9630.664063,202.2439453,255.1387589,0.792682171,0.044989999,21.26591492,9630.664063,172.4697876,0.000571,0.259204,255.1387589
2019-09-01,BTC,8293.868164,174.1712314,226.2718611,0.769743222,0.038885001,15.86267471,8293.868164,179.8722076,0.000571,0.255932987,226.2718611
2019-10-01,BTC,9199.584961,193.1912842,250.777086,0.77037056,0.041636001,20.0002327,9199.584961,183.9669189,0.000571,0.296357989,250.777086
2019-11-01,BTC,7569.629883,158.9622275,204.8770115,0.775890991,0.040424999,15.71595097,7569.629883,152.5396881,0.000571,0.226474002,204.8770115
2019-12-01,BTC,7193.599121,151.0655815,190.1321434,0.79452942,0.032845002,13.72764206,7193.599121,129.6108551,0.000571,0.192893997,190.1321434
2020-01-01,BTC,9350.529297,196.3611152,247.9668229,0.791884628,0.053792998,18.21097946,9350.529297,180.1601715,0.000571,0.239233002,247.9668229
2020-02-01,BTC,8599.508789,180.5896846,236.1472758,0.764733296,0.047541,19.58409119,8599.508789,219.8485107,0.000571,0.231193006,236.1472758
2020-03-01,BTC,6438.644531,135.2115352,172.590576,0.783423628,0.030553,12.58160591,6438.644531,133.5935669,0.000571,0.174563006,172.590576
2020-04-01,BTC,8658.553711,181.8296279,233.9482393,0.777221613,0.047846001,17.0339756,8658.553711,207.6020508,0.691044986,0.212761,233.9482393
2020-05-01,BTC,9461.058594,198.6822305,253.7493815,0.782986068,0.074352004,17.04047203,9461.058594,230.975708,0.570021987,0.202905998,253.7493815
2020-06-01,BTC,9137.993164,191.8978564,243.9266037,0.786703269,0.083116002,15.41358185,9137.993164,226.3150024,0.860094011,0.175870001,243.9266037
2020-07-01,BTC,11323.4668,237.7928028,316.3537651,0.751667371,0.138797998,20.66814613,11323.4668,345.554657,1.538177967,0.25890401,316.3537651
2020-08-01,BTC,11680.82031,245.2972265,338.4061422,0.724860444,0.122688003,23.19305038,11680.82031,435.0797424,4.782045841,0.281765997,338.4061422
2020-09-01,BTC,10784.49121,226.4743154,305.8044868,0.740585325,0.101062,29.29087639,10784.49121,359.9378662,2.897876024,0.241784006,305.8044868
2020-10-01,BTC,13780.99512,289.4008975,370.4657148,0.781181324,0.093056001,28.43121529,13780.99512,386.590332,1.540699959,0.239743993,370.4657148
2020-11-01,BTC,19625.83594,412.1425547,567.3990268,0.726371628,0.171307996,31.39278603,19625.83594,614.8425293,1.96689105,0.664336979,567.3990268
2020-12-01,BTC,29001.7207,609.0361347,736.0050563,0.827489063,0.181397006,37.37603378,29001.7207,737.8034058,1.510897994,0.219845995,736.0050563
2021-01-01,BTC,33114.35938,695.401547,929.0924819,0.748473979,0.344897985,44.27599335,33114.35938,1314.986206,4.264143944,0.492314011,929.0924819
2021-02-01,BTC,45137.76953,947.8931601,1267.107704,0.748076235,1.308058977,209.5744019,45137.76953,1416.04895,13.08924675,0.414952993,1267.107704
2021-03-01,BTC,58918.83203,1237.295473,1649.428751,0.75013575,1.193264008,302.063446,58918.83203,1918.362061,19.46522903,0.57386899,1649.428751
2021-04-01,BTC,57750.17578,1212.753691,1913.40667,0.633819099,1.352449059,624.0805664,57750.17578,2773.207031,42.95600128,1.59167397,1913.40667
2021-05-01,BTC,37332.85547,783.9899649,1381.322188,0.567564882,1.742777944,354.3293457,37332.85547,2714.945313,32.81624603,1.04658401,1381.322188
2021-06-01,BTC,35040.83594,735.8575547,1221.414311,0.602463511,1.383471966,303.2958679,35040.83594,2274.547607,35.55640411,0.70637399,1221.414311
2021-07-01,BTC,41626.19531,874.1501015,1399.228779,0.62473708,1.322345018,333.5495911,41626.19531,2536.209961,36.82731247,0.747785985,1399.228779
2021-08-01,BTC,47166.6875,990.5004375,1797.100079,0.551165986,2.772475004,464.4187317,47166.6875,3433.732666,108.4837723,1.187592983,1797.100079
2021-09-01,BTC,43790.89453,919.6087851,1623.248672,0.566523664,2.114451885,387.0573425,43790.89453,3001.678955,141.069046,0.952636003,1623.248672
2021-10-01,BTC,61318.95703,1287.698098,2215.388434,0.581251612,1.965026021,524.3644409,61318.95703,4288.074219,202.4210205,1.113247037,2215.388434
2021-11-01,BTC,57005.42578,1197.113941,2159.119083,0.554445538,1.55490303,622.6698608,57005.42578,4631.479004,208.67099,0.998754025,2159.119083
2021-12-01,BTC,46306.44531,972.4353515,1750.04896,0.555661798,1.310209036,511.708313,46306.44531,3682.632813,170.2990723,0.831162989,1750.04896
2022-01-01,BTC,38483.125,808.145625,1368.523098,0.59052392,1.052302957,375.2773132,38483.125,2688.278809,99.7388382,0.619149029,1368.523098
2022-02-01,BTC,43193.23438,907.057922,1511.224114,0.600214034,0.959828019,395.6124268,43193.23438,2919.201172,99.5203476,0.782043993,1511.224114
2022-03-01,BTC,45538.67578,956.3121914,1634.478786,0.58508694,1.141850948,428.9161072,45538.67578,3281.642822,122.6614609,0.81456399,1634.478786
2022-04-01,BTC,37714.875,792.012375,1333.558573,0.593908952,0.756659985,377.7678223,37714.875,2730.186768,85.09593201,0.587091029,1333.558573
2022-05-01,BTC,31792.31055,667.6385216,1059.669596,0.630044047,0.625253975,320.4851074,31792.31055,1942.328003,45.76784134,0.421867013,1059.669596
2022-06-01,BTC,19784.72656,415.4792578,659.2115321,0.630266974,0.458849013,219.3000946,19784.72656,1067.298828,33.58841705,0.331447989,659.2115321
2022-07-01,BTC,23336.89648,490.0748261,832.6110081,0.588599984,0.517019987,283.5794678,23336.89648,1681.517334,42.4002037,0.380457997,832.6110081
2022-08-01,BTC,20049.76367,421.0450371,733.091279,0.574341899,0.446664989,279.2380981,20049.76367,1553.684937,31.4729557,0.327870011,733.091279
2022-09-01,BTC,19431.78906,408.0675703,709.591365,0.575074036,0.434413999,284.1922913,19431.78906,1327.978638,33.21244431,0.479773998,709.591365
2022-10-01,BTC,20495.77344,430.4112422,766.7652594,0.561333781,0.40633601,326.3607178,20495.77344,1572.714478,32.61103821,0.465914994,766.7652594
2022-11-01,BTC,17168.56641,360.5398946,638.9713079,0.564250523,0.318883002,300.794342,17168.56641,1295.688599,14.11544514,0.408742994,638.9713079
2022-12-01,BTC,17133.15234,359.7961991,628.9482052,0.572060141,0.311677009,286.0904236,17133.15234,1264.28479,13.5801878,0.389153004,628.9482052
2022-12-12,BTC,17177.55664,360.7286894,627.7330525,0.574653012,0.306406289,275.8238831,17168.67773,1271.338623,13.28114414,0.385584325,627.7330525
2017-01-01,ETH,10.72749996,1.287299995,22.29716332,0.057733801,0,0,970.4030151,10.72749996,0,0.006314,22.29716332
2017-02-01,ETH,15.81719971,1.898063965,27.23103333,0.069702238,0,0,1179.969971,15.81719971,0,0.005536,27.23103333
2017-03-01,ETH,50.03730011,6.004476013,30.60096674,0.196218507,0,0,1071.790039,50.03730011,0,0.020888999,30.60096674
2017-04-01,ETH,79.02120209,9.482544251,42.94893472,0.220786483,0,0,1347.890015,79.02120209,0,0.051607002,42.94893472
2017-05-01,ETH,230.6690063,27.68028076,100.3538893,0.275826687,0,0,2286.409912,230.6690063,0,0.246590003,100.3538893
2017-06-01,ETH,294.9159851,35.38991821,113.7805606,0.311036595,0,0,2480.840088,294.9159851,0,0.262930006,113.7805606
2017-07-01,ETH,203.8710022,24.46452026,101.5852616,0.240827457,0,0,2875.340088,203.8710022,0,0.167385995,101.5852616
2017-08-01,ETH,383.0419922,45.96503906,170.7399886,0.269210742,0,2.203789949,4703.390137,383.0419922,0,0.255629987,170.7399886
2017-09-01,ETH,301.4649963,36.17579956,147.298325,0.245595458,0,1.283579946,4338.709961,301.4649963,0,0.197529003,147.298325
2017-10-01,ETH,305.8789978,36.70547974,194.2299214,0.188979532,0.030437,1.312890053,6468.399902,305.8789978,0,0.200558007,194.2299214
2017-11-01,ETH,447.1140137,53.65368164,299.4412031,0.179179355,0.119883001,1.996970057,10233.59961,447.1140137,0,0.250878006,299.4412031
2017-12-01,ETH,756.7329712,90.80795654,652.2627556,0.139219901,0.719694972,8.635580063,14156.40039,756.7329712,0,2.300570011,652.2627556
2018-01-01,ETH,1118.310059,134.1972071,490.6774735,0.273493719,0.519315004,11.14500046,10221.09961,1118.310059,0,1.162389994,490.6774735
2018-02-01,ETH,855.1989746,102.623877,427.591868,0.240004277,0.312581003,10.4382,10397.90039,855.1989746,0,0.904582977,427.591868
2018-03-01,ETH,396.4570007,47.57484008,254.4818008,0.186947907,0.155919001,11.05589962,6973.529785,396.4570007,0,0.512353003,254.4818008
2018-04-01,ETH,669.9240112,80.39088134,376.5479577,0.213494403,0.343317986,14.31210041,9240.549805,669.9240112,0,0.837938011,376.5479577
2018-05-01,ETH,577.6450195,69.31740234,300.9298431,0.230344062,0.225214005,14.19019985,7494.169922,577.6450195,0,0.612622023,300.9298431
2018-06-01,ETH,455.1799927,54.62159912,244.8567534,0.22307573,0.137670994,14.6573,6404,455.1799927,0,0.466244996,244.8567534
2018-07-01,ETH,433.8670044,52.06404053,268.1792254,0.194138977,0.143297002,13.77540016,7780.439941,433.8670044,0,0.43522501,268.1792254
2018-08-01,ETH,283.0039978,33.96047974,222.084442,0.152916969,0.102196001,11.01379967,7037.580078,283.0039978,0,0.335332006,222.084442
2018-09-01,ETH,232.8480072,27.94176086,231.0730567,0.120921761,0.085194997,10.01780033,6625.560059,232.8480072,0,0.581571996,231.0730567
2018-10-01,ETH,197.3809967,23.6857196,206.2081725,0.114863147,0.069705002,9.364959717,6317.609863,197.3809967,0.008824,0.44838199,206.2081725
2018-11-01,ETH,113.1714172,13.58057006,136.9573973,0.099159084,0.038915999,5.078571796,4017.268555,113.1714172,0.003269,0.36245501,136.9573973
2018-12-01,ETH,133.3682556,16.00419067,132.9529369,0.120374856,0.041063,6.164731979,3742.700439,133.3682556,0.001226,0.352705985,132.9529369
2019-01-01,ETH,107.0610123,12.84732148,119.4459947,0.107557574,0.038373999,6.268435955,3457.792725,107.0610123,0.001695,0.310036004,119.4459947
2019-02-01,ETH,136.7462463,16.40954956,132.8824696,0.123489198,0.043122999,10.36517811,3854.7854,136.7462463,0.001972,0.31507799,132.8824696
2019-03-01,ETH,141.5140991,16.98169189,140.7381486,0.120661612,0.069746003,17.40167046,4105.404297,141.5140991,0.002171,0.309228987,140.7381486
2019-04-01,ETH,162.1660309,19.45992371,170.3641807,0.114225441,0.070345998,22.12783623,5350.726563,162.1660309,0.000491,0.309475988,170.3641807
2019-05-01,ETH,268.1135559,32.17362671,266.6703505,0.120649433,0.089441001,32.74816513,8574.501953,268.1135559,0.000571,0.438573986,266.6703505
2019-06-01,ETH,290.6959839,34.88351807,311.8680914,0.111853437,0.082098,32.44248199,10817.15527,290.6959839,0.000571,0.396411002,311.8680914
2019-07-01,ETH,218.6541443,26.23849732,278.3636409,0.094259786,0.060152002,27.64455795,10085.62793,218.6541443,0.000571,0.320908993,278.3636409
2019-08-01,ETH,172.4697876,20.69637451,255.1387589,0.081118112,0.044989999,21.26591492,9630.664063,172.4697876,0.000571,0.259204,255.1387589
2019-09-01,ETH,179.8722076,21.58466491,226.2718611,0.095392617,0.038885001,15.86267471,8293.868164,179.8722076,0.000571,0.255932987,226.2718611
2019-10-01,ETH,183.9669189,22.07603027,250.777086,0.088030492,0.041636001,20.0002327,9199.584961,183.9669189,0.000571,0.296357989,250.777086
2019-11-01,ETH,152.5396881,18.30476257,204.8770115,0.089345127,0.040424999,15.71595097,7569.629883,152.5396881,0.000571,0.226474002,204.8770115
2019-12-01,ETH,129.6108551,15.55330261,190.1321434,0.081802594,0.032845002,13.72764206,7193.599121,129.6108551,0.000571,0.192893997,190.1321434
2020-01-01,ETH,180.1601715,21.61922058,247.9668229,0.08718594,0.053792998,18.21097946,9350.529297,180.1601715,0.000571,0.239233002,247.9668229
2020-02-01,ETH,219.8485107,26.38182128,236.1472758,0.111717661,0.047541,19.58409119,8599.508789,219.8485107,0.000571,0.231193006,236.1472758
2020-03-01,ETH,133.5935669,16.03122803,172.590576,0.092885883,0.030553,12.58160591,6438.644531,133.5935669,0.000571,0.174563006,172.590576
2020-04-01,ETH,207.6020508,24.9122461,233.9482393,0.106486145,0.047846001,17.0339756,8658.553711,207.6020508,0.691044986,0.212761,233.9482393
2020-05-01,ETH,230.975708,27.71708496,253.7493815,0.109230158,0.074352004,17.04047203,9461.058594,230.975708,0.570021987,0.202905998,253.7493815
2020-06-01,ETH,226.3150024,27.15780029,243.9266037,0.111335951,0.083116002,15.41358185,9137.993164,226.3150024,0.860094011,0.175870001,243.9266037
2020-07-01,ETH,345.554657,41.46655884,316.3537651,0.131076546,0.138797998,20.66814613,11323.4668,345.554657,1.538177967,0.25890401,316.3537651
2020-08-01,ETH,435.0797424,52.20956909,338.4061422,0.154280796,0.122688003,23.19305038,11680.82031,435.0797424,4.782045841,0.281765997,338.4061422
2020-09-01,ETH,359.9378662,43.19254394,305.8044868,0.141242349,0.101062,29.29087639,10784.49121,359.9378662,2.897876024,0.241784006,305.8044868
2020-10-01,ETH,386.590332,46.39083984,370.4657148,0.125223031,0.093056001,28.43121529,13780.99512,386.590332,1.540699959,0.239743993,370.4657148
2020-11-01,ETH,614.8425293,73.78110352,567.3990268,0.130033892,0.171307996,31.39278603,19625.83594,614.8425293,1.96689105,0.664336979,567.3990268
2020-12-01,ETH,737.8034058,88.5364087,736.0050563,0.120293207,0.181397006,37.37603378,29001.7207,737.8034058,1.510897994,0.219845995,736.0050563
2021-01-01,ETH,1314.986206,157.7983447,929.0924819,0.169841375,0.344897985,44.27599335,33114.35938,1314.986206,4.264143944,0.492314011,929.0924819
2021-02-01,ETH,1416.04895,169.925874,1267.107704,0.134105312,1.308058977,209.5744019,45137.76953,1416.04895,13.08924675,0.414952993,1267.107704
2021-03-01,ETH,1918.362061,230.2034473,1649.428751,0.13956556,1.193264008,302.063446,58918.83203,1918.362061,19.46522903,0.57386899,1649.428751
2021-04-01,ETH,2773.207031,332.7848437,1913.40667,0.173922695,1.352449059,624.0805664,57750.17578,2773.207031,42.95600128,1.59167397,1913.40667
2021-05-01,ETH,2714.945313,325.7934376,1381.322188,0.235856226,1.742777944,354.3293457,37332.85547,2714.945313,32.81624603,1.04658401,1381.322188
2021-06-01,ETH,2274.547607,272.9457128,1221.414311,0.223466935,1.383471966,303.2958679,35040.83594,2274.547607,35.55640411,0.70637399,1221.414311
2021-07-01,ETH,2536.209961,304.3451953,1399.228779,0.217509245,1.322345018,333.5495911,41626.19531,2536.209961,36.82731247,0.747785985,1399.228779
2021-08-01,ETH,3433.732666,412.0479199,1797.100079,0.229284904,2.772475004,464.4187317,47166.6875,3433.732666,108.4837723,1.187592983,1797.100079
2021-09-01,ETH,3001.678955,360.2014746,1623.248672,0.221901598,2.114451885,387.0573425,43790.89453,3001.678955,141.069046,0.952636003,1623.248672
2021-10-01,ETH,4288.074219,514.5689063,2215.388434,0.232270287,1.965026021,524.3644409,61318.95703,4288.074219,202.4210205,1.113247037,2215.388434
2021-11-01,ETH,4631.479004,555.7774805,2159.119083,0.257409369,1.55490303,622.6698608,57005.42578,4631.479004,208.67099,0.998754025,2159.119083
2021-12-01,ETH,3682.632813,441.9159376,1750.04896,0.252516328,1.310209036,511.708313,46306.44531,3682.632813,170.2990723,0.831162989,1750.04896
2022-01-01,ETH,2688.278809,322.5934571,1368.523098,0.235723794,1.052302957,375.2773132,38483.125,2688.278809,99.7388382,0.619149029,1368.523098
2022-02-01,ETH,2919.201172,350.3041406,1511.224114,0.231801582,0.959828019,395.6124268,43193.23438,2919.201172,99.5203476,0.782043993,1511.224114
2022-03-01,ETH,3281.642822,393.7971386,1634.478786,0.240931324,1.141850948,428.9161072,45538.67578,3281.642822,122.6614609,0.81456399,1634.478786
2022-04-01,ETH,2730.186768,327.6224122,1333.558573,0.245675307,0.756659985,377.7678223,37714.875,2730.186768,85.09593201,0.587091029,1333.558573
2022-05-01,ETH,1942.328003,233.0793604,1059.669596,0.219954749,0.625253975,320.4851074,31792.31055,1942.328003,45.76784134,0.421867013,1059.669596
2022-06-01,ETH,1067.298828,128.0758594,659.2115321,0.194286436,0.458849013,219.3000946,19784.72656,1067.298828,33.58841705,0.331447989,659.2115321
2022-07-01,ETH,1681.517334,201.7820801,832.6110081,0.242348561,0.517019987,283.5794678,23336.89648,1681.517334,42.4002037,0.380457997,832.6110081
2022-08-01,ETH,1553.684937,186.4421924,733.091279,0.254323299,0.446664989,279.2380981,20049.76367,1553.684937,31.4729557,0.327870011,733.091279
2022-09-01,ETH,1327.978638,159.3574366,709.591365,0.224576347,0.434413999,284.1922913,19431.78906,1327.978638,33.21244431,0.479773998,709.591365
2022-10-01,ETH,1572.714478,188.7257374,766.7652594,0.246132353,0.40633601,326.3607178,20495.77344,1572.714478,32.61103821,0.465914994,766.7652594
2022-11-01,ETH,1295.688599,155.4826319,638.9713079,0.243332729,0.318883002,300.794342,17168.56641,1295.688599,14.11544514,0.408742994,638.9713079
2022-12-01,ETH,1264.28479,151.7141748,628.9482052,0.241218869,0.311677009,286.0904236,17133.15234,1264.28479,13.5801878,0.389153004,628.9482052
2022-12-12,ETH,1273.724609,152.8469531,627.7330525,0.24349037,0.306406289,275.8238831,17168.67773,1271.338623,13.28114414,0.385584325,627.7330525
2017-01-01,SOL,0,0,22.29716332,0,0,0,970.4030151,10.72749996,0,0.006314,22.29716332
2017-02-01,SOL,0,0,27.23103333,0,0,0,1179.969971,15.81719971,0,0.005536,27.23103333
2017-03-01,SOL,0,0,30.60096674,0,0,0,1071.790039,50.03730011,0,0.020888999,30.60096674
2017-04-01,SOL,0,0,42.94893472,0,0,0,1347.890015,79.02120209,0,0.051607002,42.94893472
2017-05-01,SOL,0,0,100.3538893,0,0,0,2286.409912,230.6690063,0,0.246590003,100.3538893
2017-06-01,SOL,0,0,113.7805606,0,0,0,2480.840088,294.9159851,0,0.262930006,113.7805606
2017-07-01,SOL,0,0,101.5852616,0,0,0,2875.340088,203.8710022,0,0.167385995,101.5852616
2017-08-01,SOL,0,0,170.7399886,0,0,2.203789949,4703.390137,383.0419922,0,0.255629987,170.7399886
2017-09-01,SOL,0,0,147.298325,0,0,1.283579946,4338.709961,301.4649963,0,0.197529003,147.298325
2017-10-01,SOL,0,0,194.2299214,0,0.030437,1.312890053,6468.399902,305.8789978,0,0.200558007,194.2299214
2017-11-01,SOL,0,0,299.4412031,0,0.119883001,1.996970057,10233.59961,447.1140137,0,0.250878006,299.4412031
2017-12-01,SOL,0,0,652.2627556,0,0.719694972,8.635580063,14156.40039,756.7329712,0,2.300570011,652.2627556
2018-01-01,SOL,0,0,490.6774735,0,0.519315004,11.14500046,10221.09961,1118.310059,0,1.162389994,490.6774735
2018-02-01,SOL,0,0,427.591868,0,0.312581003,10.4382,10397.90039,855.1989746,0,0.904582977,427.591868
2018-03-01,SOL,0,0,254.4818008,0,0.155919001,11.05589962,6973.529785,396.4570007,0,0.512353003,254.4818008
2018-04-01,SOL,0,0,376.5479577,0,0.343317986,14.31210041,9240.549805,669.9240112,0,0.837938011,376.5479577
2018-05-01,SOL,0,0,300.9298431,0,0.225214005,14.19019985,7494.169922,577.6450195,0,0.612622023,300.9298431
2018-06-01,SOL,0,0,244.8567534,0,0.137670994,14.6573,6404,455.1799927,0,0.466244996,244.8567534
2018-07-01,SOL,0,0,268.1792254,0,0.143297002,13.77540016,7780.439941,433.8670044,0,0.43522501,268.1792254
2018-08-01,SOL,0,0,222.084442,0,0.102196001,11.01379967,7037.580078,283.0039978,0,0.335332006,222.084442
2018-09-01,SOL,0,0,231.0730567,0,0.085194997,10.01780033,6625.560059,232.8480072,0,0.581571996,231.0730567
2018-10-01,SOL,0.008824,0.004712016,206.2081725,2.29E-05,0.069705002,9.364959717,6317.609863,197.3809967,0.008824,0.44838199,206.2081725
2018-11-01,SOL,0.003269,0.001745646,136.9573973,1.27E-05,0.038915999,5.078571796,4017.268555,113.1714172,0.003269,0.36245501,136.9573973
2018-12-01,SOL,0.001226,0.000654684,132.9529369,4.92E-06,0.041063,6.164731979,3742.700439,133.3682556,0.001226,0.352705985,132.9529369
2019-01-01,SOL,0.001695,0.00090513,119.4459947,7.58E-06,0.038373999,6.268435955,3457.792725,107.0610123,0.001695,0.310036004,119.4459947
2019-02-01,SOL,0.001972,0.001053048,132.8824696,7.92E-06,0.043122999,10.36517811,3854.7854,136.7462463,0.001972,0.31507799,132.8824696
2019-03-01,SOL,0.002171,0.001159314,140.7381486,8.24E-06,0.069746003,17.40167046,4105.404297,141.5140991,0.002171,0.309228987,140.7381486
2019-04-01,SOL,0.000491,0.000262194,170.3641807,1.54E-06,0.070345998,22.12783623,5350.726563,162.1660309,0.000491,0.309475988,170.3641807
2019-05-01,SOL,0.000571,0.000304914,266.6703505,1.14E-06,0.089441001,32.74816513,8574.501953,268.1135559,0.000571,0.438573986,266.6703505
2019-06-01,SOL,0.000571,0.000304914,311.8680914,9.78E-07,0.082098,32.44248199,10817.15527,290.6959839,0.000571,0.396411002,311.8680914
2019-07-01,SOL,0.000571,0.000304914,278.3636409,1.10E-06,0.060152002,27.64455795,10085.62793,218.6541443,0.000571,0.320908993,278.3636409
2019-08-01,SOL,0.000571,0.000304914,255.1387589,1.20E-06,0.044989999,21.26591492,9630.664063,172.4697876,0.000571,0.259204,255.1387589
2019-09-01,SOL,0.000571,0.000304914,226.2718611,1.35E-06,0.038885001,15.86267471,8293.868164,179.8722076,0.000571,0.255932987,226.2718611
2019-10-01,SOL,0.000571,0.000304914,250.777086,1.22E-06,0.041636001,20.0002327,9199.584961,183.9669189,0.000571,0.296357989,250.777086
2019-11-01,SOL,0.000571,0.000304914,204.8770115,1.49E-06,0.040424999,15.71595097,7569.629883,152.5396881,0.000571,0.226474002,204.8770115
2019-12-01,SOL,0.000571,0.000304914,190.1321434,1.60E-06,0.032845002,13.72764206,7193.599121,129.6108551,0.000571,0.192893997,190.1321434
2020-01-01,SOL,0.000571,0.000304914,247.9668229,1.23E-06,0.053792998,18.21097946,9350.529297,180.1601715,0.000571,0.239233002,247.9668229
2020-02-01,SOL,0.000571,0.000304914,236.1472758,1.29E-06,0.047541,19.58409119,8599.508789,219.8485107,0.000571,0.231193006,236.1472758
2020-03-01,SOL,0.000571,0.000304914,172.590576,1.77E-06,0.030553,12.58160591,6438.644531,133.5935669,0.000571,0.174563006,172.590576
2020-04-01,SOL,0.691044986,0.369018023,233.9482393,0.001577349,0.047846001,17.0339756,8658.553711,207.6020508,0.691044986,0.212761,233.9482393
2020-05-01,SOL,0.570021987,0.304391741,253.7493815,0.001199576,0.074352004,17.04047203,9461.058594,230.975708,0.570021987,0.202905998,253.7493815
2020-06-01,SOL,0.860094011,0.459290202,243.9266037,0.001882903,0.083116002,15.41358185,9137.993164,226.3150024,0.860094011,0.175870001,243.9266037
2020-07-01,SOL,1.538177967,0.821387034,316.3537651,0.002596419,0.138797998,20.66814613,11323.4668,345.554657,1.538177967,0.25890401,316.3537651
2020-08-01,SOL,4.782045841,2.553612479,338.4061422,0.007545999,0.122688003,23.19305038,11680.82031,435.0797424,4.782045841,0.281765997,338.4061422
2020-09-01,SOL,2.897876024,1.547465797,305.8044868,0.005060311,0.101062,29.29087639,10784.49121,359.9378662,2.897876024,0.241784006,305.8044868
2020-10-01,SOL,1.540699959,0.822733778,370.4657148,0.002220809,0.093056001,28.43121529,13780.99512,386.590332,1.540699959,0.239743993,370.4657148
2020-11-01,SOL,1.96689105,1.050319821,567.3990268,0.001851113,0.171307996,31.39278603,19625.83594,614.8425293,1.96689105,0.664336979,567.3990268
2020-12-01,SOL,1.510897994,0.806819529,736.0050563,0.001096215,0.181397006,37.37603378,29001.7207,737.8034058,1.510897994,0.219845995,736.0050563
2021-01-01,SOL,4.264143944,2.277052866,929.0924819,0.002450836,0.344897985,44.27599335,33114.35938,1314.986206,4.264143944,0.492314011,929.0924819
2021-02-01,SOL,13.08924675,6.989657765,1267.107704,0.00551623,1.308058977,209.5744019,45137.76953,1416.04895,13.08924675,0.414952993,1267.107704
2021-03-01,SOL,19.46522903,10.3944323,1649.428751,0.006301838,1.193264008,302.063446,58918.83203,1918.362061,19.46522903,0.57386899,1649.428751
2021-04-01,SOL,42.95600128,22.93850468,1913.40667,0.011988306,1.352449059,624.0805664,57750.17578,2773.207031,42.95600128,1.59167397,1913.40667
2021-05-01,SOL,32.81624603,17.52387538,1381.322188,0.012686306,1.742777944,354.3293457,37332.85547,2714.945313,32.81624603,1.04658401,1381.322188
2021-06-01,SOL,35.55640411,18.98711979,1221.414311,0.015545192,1.383471966,303.2958679,35040.83594,2274.547607,35.55640411,0.70637399,1221.414311
2021-07-01,SOL,36.82731247,19.66578486,1399.228779,0.014054732,1.322345018,333.5495911,41626.19531,2536.209961,36.82731247,0.747785985,1399.228779
2021-08-01,SOL,108.4837723,57.93033441,1797.100079,0.032235453,2.772475004,464.4187317,47166.6875,3433.732666,108.4837723,1.187592983,1797.100079
2021-09-01,SOL,141.069046,75.33087056,1623.248672,0.046407474,2.114451885,387.0573425,43790.89453,3001.678955,141.069046,0.952636003,1623.248672
2021-10-01,SOL,202.4210205,108.0928249,2215.388434,0.048791816,1.965026021,524.3644409,61318.95703,4288.074219,202.4210205,1.113247037,2215.388434
2021-11-01,SOL,208.67099,111.4303087,2159.119083,0.051609154,1.55490303,622.6698608,57005.42578,4631.479004,208.67099,0.998754025,2159.119083
2021-12-01,SOL,170.2990723,90.93970461,1750.04896,0.051964092,1.310209036,511.708313,46306.44531,3682.632813,170.2990723,0.831162989,1750.04896
2022-01-01,SOL,99.7388382,53.2605396,1368.523098,0.038918261,1.052302957,375.2773132,38483.125,2688.278809,99.7388382,0.619149029,1368.523098
2022-02-01,SOL,99.5203476,53.14386562,1511.224114,0.035166105,0.959828019,395.6124268,43193.23438,2919.201172,99.5203476,0.782043993,1511.224114
2022-03-01,SOL,122.6614609,65.50122012,1634.478786,0.040074684,1.141850948,428.9161072,45538.67578,3281.642822,122.6614609,0.81456399,1634.478786
2022-04-01,SOL,85.09593201,45.44122769,1333.558573,0.034075164,0.756659985,377.7678223,37714.875,2730.186768,85.09593201,0.587091029,1333.558573
2022-05-01,SOL,45.76784134,24.44002728,1059.669596,0.023063819,0.625253975,320.4851074,31792.31055,1942.328003,45.76784134,0.421867013,1059.669596
2022-06-01,SOL,33.58841705,17.9362147,659.2115321,0.027208588,0.458849013,219.3000946,19784.72656,1067.298828,33.58841705,0.331447989,659.2115321
2022-07-01,SOL,42.4002037,22.64170878,832.6110081,0.027193622,0.517019987,283.5794678,23336.89648,1681.517334,42.4002037,0.380457997,832.6110081
2022-08-01,SOL,31.4729557,16.80655834,733.091279,0.022925601,0.446664989,279.2380981,20049.76367,1553.684937,31.4729557,0.327870011,733.091279
2022-09-01,SOL,33.21244431,17.73544526,709.591365,0.024993885,0.434413999,284.1922913,19431.78906,1327.978638,33.21244431,0.479773998,709.591365
2022-10-01,SOL,32.61103821,17.4142944,766.7652594,0.022711376,0.40633601,326.3607178,20495.77344,1572.714478,32.61103821,0.465914994,766.7652594
2022-11-01,SOL,14.11544514,7.537647705,638.9713079,0.011796535,0.318883002,300.794342,17168.56641,1295.688599,14.11544514,0.408742994,638.9713079
2022-12-01,SOL,13.5801878,7.251820285,628.9482052,0.011530075,0.311677009,286.0904236,17133.15234,1264.28479,13.5801878,0.389153004,628.9482052
2022-12-12,SOL,13.31736851,7.111474784,627.7330525,0.01132882,0.306406289,275.8238831,17168.67773,1271.338623,13.28114414,0.385584325,627.7330525
2017-01-01,XRP,0.006314,0.6314,22.29716332,0.028317503,0,0,970.4030151,10.72749996,0,0.006314,22.29716332
2017-02-01,XRP,0.005536,0.5536,27.23103333,0.020329746,0,0,1179.969971,15.81719971,0,0.005536,27.23103333
2017-03-01,XRP,0.020888999,2.0888999,30.60096674,0.068262546,0,0,1071.790039,50.03730011,0,0.020888999,30.60096674
2017-04-01,XRP,0.051607002,5.1607002,42.94893472,0.12015898,0,0,1347.890015,79.02120209,0,0.051607002,42.94893472
2017-05-01,XRP,0.246590003,24.6590003,100.3538893,0.245720425,0,0,2286.409912,230.6690063,0,0.246590003,100.3538893
2017-06-01,XRP,0.262930006,26.2930006,113.7805606,0.231085174,0,0,2480.840088,294.9159851,0,0.262930006,113.7805606
2017-07-01,XRP,0.167385995,16.7385995,101.5852616,0.164773898,0,0,2875.340088,203.8710022,0,0.167385995,101.5852616
2017-08-01,XRP,0.255629987,25.5629987,170.7399886,0.149718873,0,2.203789949,4703.390137,383.0419922,0,0.255629987,170.7399886
2017-09-01,XRP,0.197529003,19.7529003,147.298325,0.134101323,0,1.283579946,4338.709961,301.4649963,0,0.197529003,147.298325
2017-10-01,XRP,0.200558007,20.0558007,194.2299214,0.103258039,0.030437,1.312890053,6468.399902,305.8789978,0,0.200558007,194.2299214
2017-11-01,XRP,0.250878006,25.0878006,299.4412031,0.083782059,0.119883001,1.996970057,10233.59961,447.1140137,0,0.250878006,299.4412031
2017-12-01,XRP,2.300570011,230.0570011,652.2627556,0.352706021,0.719694972,8.635580063,14156.40039,756.7329712,0,2.300570011,652.2627556
2018-01-01,XRP,1.162389994,116.2389994,490.6774735,0.236894917,0.519315004,11.14500046,10221.09961,1118.310059,0,1.162389994,490.6774735
2018-02-01,XRP,0.904582977,90.4582977,427.591868,0.211552895,0.312581003,10.4382,10397.90039,855.1989746,0,0.904582977,427.591868
2018-03-01,XRP,0.512353003,51.2353003,254.4818008,0.201331884,0.155919001,11.05589962,6973.529785,396.4570007,0,0.512353003,254.4818008
2018-04-01,XRP,0.837938011,83.7938011,376.5479577,0.222531551,0.343317986,14.31210041,9240.549805,669.9240112,0,0.837938011,376.5479577
2018-05-01,XRP,0.612622023,61.2622023,300.9298431,0.203576361,0.225214005,14.19019985,7494.169922,577.6450195,0,0.612622023,300.9298431
2018-06-01,XRP,0.466244996,46.6244996,244.8567534,0.190415412,0.137670994,14.6573,6404,455.1799927,0,0.466244996,244.8567534
2018-07-01,XRP,0.43522501,43.522501,268.1792254,0.162288861,0.143297002,13.77540016,7780.439941,433.8670044,0,0.43522501,268.1792254
2018-08-01,XRP,0.335332006,33.5332006,222.084442,0.15099302,0.102196001,11.01379967,7037.580078,283.0039978,0,0.335332006,222.084442
2018-09-01,XRP,0.581571996,58.1571996,231.0730567,0.251683171,0.085194997,10.01780033,6625.560059,232.8480072,0,0.581571996,231.0730567
2018-10-01,XRP,0.44838199,44.838199,206.2081725,0.217441426,0.069705002,9.364959717,6317.609863,197.3809967,0.008824,0.44838199,206.2081725
2018-11-01,XRP,0.36245501,36.245501,136.9573973,0.264647998,0.038915999,5.078571796,4017.268555,113.1714172,0.003269,0.36245501,136.9573973
2018-12-01,XRP,0.352705985,35.2705985,132.9529369,0.265286344,0.041063,6.164731979,3742.700439,133.3682556,0.001226,0.352705985,132.9529369
2019-01-01,XRP,0.310036004,31.0036004,119.4459947,0.259561658,0.038373999,6.268435955,3457.792725,107.0610123,0.001695,0.310036004,119.4459947
2019-02-01,XRP,0.31507799,31.507799,132.8824696,0.237110276,0.043122999,10.36517811,3854.7854,136.7462463,0.001972,0.31507799,132.8824696
2019-03-01,XRP,0.309228987,30.9228987,140.7381486,0.21971938,0.069746003,17.40167046,4105.404297,141.5140991,0.002171,0.309228987,140.7381486
2019-04-01,XRP,0.309475988,30.9475988,170.3641807,0.181655549,0.070345998,22.12783623,5350.726563,162.1660309,0.000491,0.309475988,170.3641807
2019-05-01,XRP,0.438573986,43.8573986,266.6703505,0.164462973,0.089441001,32.74816513,8574.501953,268.1135559,0.000571,0.438573986,266.6703505
2019-06-01,XRP,0.396411002,39.6411002,311.8680914,0.127108548,0.082098,32.44248199,10817.15527,290.6959839,0.000571,0.396411002,311.8680914
2019-07-01,XRP,0.320908993,32.0908993,278.3636409,0.115284091,0.060152002,27.64455795,10085.62793,218.6541443,0.000571,0.320908993,278.3636409
2019-08-01,XRP,0.259204,25.9204,255.1387589,0.101593345,0.044989999,21.26591492,9630.664063,172.4697876,0.000571,0.259204,255.1387589
2019-09-01,XRP,0.255932987,25.5932987,226.2718611,0.113108623,0.038885001,15.86267471,8293.868164,179.8722076,0.000571,0.255932987,226.2718611
2019-10-01,XRP,0.296357989,29.6357989,250.777086,0.118175864,0.041636001,20.0002327,9199.584961,183.9669189,0.000571,0.296357989,250.777086
2019-11-01,XRP,0.226474002,22.6474002,204.8770115,0.110541442,0.040424999,15.71595097,7569.629883,152.5396881,0.000571,0.226474002,204.8770115
2019-12-01,XRP,0.192893997,19.2893997,190.1321434,0.101452597,0.032845002,13.72764206,7193.599121,129.6108551,0.000571,0.192893997,190.1321434
2020-01-01,XRP,0.239233002,23.9233002,247.9668229,0.096477827,0.053792998,18.21097946,9350.529297,180.1601715,0.000571,0.239233002,247.9668229
2020-02-01,XRP,0.231193006,23.1193006,236.1472758,0.097902042,0.047541,19.58409119,8599.508789,219.8485107,0.000571,0.231193006,236.1472758
2020-03-01,XRP,0.174563006,17.4563006,172.590576,0.101142838,0.030553,12.58160591,6438.644531,133.5935669,0.000571,0.174563006,172.590576
2020-04-01,XRP,0.212761,21.2761,233.9482393,0.090943621,0.047846001,17.0339756,8658.553711,207.6020508,0.691044986,0.212761,233.9482393
2020-05-01,XRP,0.202905998,20.2905998,253.7493815,0.07996315,0.074352004,17.04047203,9461.058594,230.975708,0.570021987,0.202905998,253.7493815
2020-06-01,XRP,0.175870001,17.5870001,243.9266037,0.072099557,0.083116002,15.41358185,9137.993164,226.3150024,0.860094011,0.175870001,243.9266037
2020-07-01,XRP,0.25890401,25.890401,316.3537651,0.081840028,0.138797998,20.66814613,11323.4668,345.554657,1.538177967,0.25890401,316.3537651
2020-08-01,XRP,0.281765997,28.1765997,338.4061422,0.083262672,0.122688003,23.19305038,11680.82031,435.0797424,4.782045841,0.281765997,338.4061422
2020-09-01,XRP,0.241784006,24.1784006,305.8044868,0.079064898,0.101062,29.29087639,10784.49121,359.9378662,2.897876024,0.241784006,305.8044868
2020-10-01,XRP,0.239743993,23.9743993,370.4657148,0.064714219,0.093056001,28.43121529,13780.99512,386.590332,1.540699959,0.239743993,370.4657148
2020-11-01,XRP,0.664336979,66.4336979,567.3990268,0.117084617,0.171307996,31.39278603,19625.83594,614.8425293,1.96689105,0.664336979,567.3990268
2020-12-01,XRP,0.219845995,21.9845995,736.0050563,0.029870175,0.181397006,37.37603378,29001.7207,737.8034058,1.510897994,0.219845995,736.0050563
2021-01-01,XRP,0.492314011,49.2314011,929.0924819,0.052988698,0.344897985,44.27599335,33114.35938,1314.986206,4.264143944,0.492314011,929.0924819
2021-02-01,XRP,0.414952993,41.4952993,1267.107704,0.032748044,1.308058977,209.5744019,45137.76953,1416.04895,13.08924675,0.414952993,1267.107704
2021-03-01,XRP,0.57386899,57.386899,1649.428751,0.034791984,1.193264008,302.063446,58918.83203,1918.362061,19.46522903,0.57386899,1649.428751
2021-04-01,XRP,1.59167397,159.167397,1913.40667,0.083185347,1.352449059,624.0805664,57750.17578,2773.207031,42.95600128,1.59167397,1913.40667
2021-05-01,XRP,1.04658401,104.658401,1381.322188,0.075766828,1.742777944,354.3293457,37332.85547,2714.945313,32.81624603,1.04658401,1381.322188
2021-06-01,XRP,0.70637399,70.637399,1221.414311,0.057832464,1.383471966,303.2958679,35040.83594,2274.547607,35.55640411,0.70637399,1221.414311
2021-07-01,XRP,0.747785985,74.7785985,1399.228779,0.053442725,1.322345018,333.5495911,41626.19531,2536.209961,36.82731247,0.747785985,1399.228779
2021-08-01,XRP,1.187592983,118.7592983,1797.100079,0.066083853,2.772475004,464.4187317,47166.6875,3433.732666,108.4837723,1.187592983,1797.100079
2021-09-01,XRP,0.952636003,95.2636003,1623.248672,0.058687003,2.114451885,387.0573425,43790.89453,3001.678955,141.069046,0.952636003,1623.248672
2021-10-01,XRP,1.113247037,111.3247037,2215.388434,0.050250648,1.965026021,524.3644409,61318.95703,4288.074219,202.4210205,1.113247037,2215.388434
2021-11-01,XRP,0.998754025,99.8754025,2159.119083,0.046257478,1.55490303,622.6698608,57005.42578,4631.479004,208.67099,0.998754025,2159.119083
2021-12-01,XRP,0.831162989,83.1162989,1750.04896,0.047493699,1.310209036,511.708313,46306.44531,3682.632813,170.2990723,0.831162989,1750.04896
2022-01-01,XRP,0.619149029,61.9149029,1368.523098,0.045242132,1.052302957,375.2773132,38483.125,2688.278809,99.7388382,0.619149029,1368.523098
2022-02-01,XRP,0.782043993,78.2043993,1511.224114,0.051749041,0.959828019,395.6124268,43193.23438,2919.201172,99.5203476,0.782043993,1511.224114
2022-03-01,XRP,0.81456399,81.456399,1634.478786,0.049836315,1.141850948,428.9161072,45538.67578,3281.642822,122.6614609,0.81456399,1634.478786
2022-04-01,XRP,0.587091029,58.7091029,1333.558573,0.04402439,0.756659985,377.7678223,37714.875,2730.186768,85.09593201,0.587091029,1333.558573
2022-05-01,XRP,0.421867013,42.1867013,1059.669596,0.039811184,0.625253975,320.4851074,31792.31055,1942.328003,45.76784134,0.421867013,1059.669596
2022-06-01,XRP,0.331447989,33.1447989,659.2115321,0.050279459,0.458849013,219.3000946,19784.72656,1067.298828,33.58841705,0.331447989,659.2115321
2022-07-01,XRP,0.380457997,38.0457997,832.6110081,0.045694567,0.517019987,283.5794678,23336.89648,1681.517334,42.4002037,0.380457997,832.6110081
2022-08-01,XRP,0.327870011,32.7870011,733.091279,0.044724309,0.446664989,279.2380981,20049.76367,1553.684937,31.4729557,0.327870011,733.091279
2022-09-01,XRP,0.479773998,47.9773998,709.591365,0.067612717,0.434413999,284.1922913,19431.78906,1327.978638,33.21244431,0.479773998,709.591365
2022-10-01,XRP,0.465914994,46.5914994,766.7652594,0.060763707,0.40633601,326.3607178,20495.77344,1572.714478,32.61103821,0.465914994,766.7652594
2022-11-01,XRP,0.408742994,40.8742994,638.9713079,0.063968912,0.318883002,300.794342,17168.56641,1295.688599,14.11544514,0.408742994,638.9713079
2022-12-01,XRP,0.389153004,38.9153004,628.9482052,0.061873617,0.311677009,286.0904236,17133.15234,1264.28479,13.5801878,0.389153004,628.9482052
2022-12-12,XRP,0.388539463,38.8539463,627.7330525,0.061895652,0.306406289,275.8238831,17168.67773,1271.338623,13.28114414,0.385584325,627.7330525
