Date,ADA,BNB,BTC,DOGE,DOT,ETH,MATIC,SHIB,SOL,XRP
2021-01-01,0.175349995,37.90501022,29374.15234,0.005685,8.306818962,730.3675537,0.017812001,,1.84208405,0.237443998
2021-01-02,0.177423,38.24159241,32127.26758,0.010615,9.208836555,774.5349731,0.019043,0,1.799275041,0.221654996
2021-01-03,0.204995006,41.14897919,32782.02344,0.009771,10.03328323,975.5076904,0.019974999,0,2.161751986,0.225848004
2021-01-04,0.224761993,40.92635345,31971.91406,0.009767,9.469611168,1040.233032,0.024614001,,2.485096931,0.236677006
2021-01-05,0.258314013,41.73460007,33992.42969,0.00992,9.701656342,1100.006104,0.024467001,0,2.157217026,0.226750001
2021-01-06,0.331898004,42.16595459,36824.36328,0.010465,10.09606838,1207.112183,0.035135001,,1.929216981,0.250894994
2021-01-07,0.299980015,43.44948959,39371.04297,0.009742,9.644584656,1225.678101,0.032999001,,2.372745037,0.326002002
2021-01-08,0.305597007,42.39531708,40797.60938,0.009846,9.307134628,1224.197144,0.031739,,3.219887018,0.323229998
2021-01-09,0.332973003,43.9328537,40254.54688,0.010194,9.777765274,1281.077271,0.033512998,0,3.385381937,0.326916009
2021-01-10,0.304895014,42.44847488,38356.44141,0.00986,9.305047989,1262.246704,0.030410999,0,3.466110945,0.31833601
2021-01-11,0.275465995,38.37136078,35566.65625,0.008835,8.276439667,1090.145386,0.026124001,0,3.108089924,0.288904995
2021-01-12,0.287003011,38.11161041,33922.96094,0.008063,8.264147758,1043.43457,0.02609,0,3.613398075,0.29212299
2021-01-13,0.313609004,40.13593292,37316.35938,0.008616,10.95771027,1130.73938,0.030069999,,3.513782024,0.30557999
2021-01-14,0.310395986,41.7936821,39187.32813,0.009397,14.5390501,1218.453003,0.032830998,0,3.27816391,0.295437992
2021-01-15,0.302529991,40.91897964,36825.36719,0.009369,13.21238136,1171.834595,0.034014001,0,3.250160933,0.280405998
2021-01-16,0.352443993,43.17182541,36178.14063,0.009265,18.18042374,1233.537598,0.032768,0,3.447055101,0.280187994
2021-01-17,0.379851997,45.68461227,35791.27734,0.009067,16.98425484,1230.172241,0.034019999,0,3.818139076,0.277384013
2021-01-18,0.371428013,45.3531723,36630.07422,0.009171,16.5129261,1257.279541,0.036052998,0,3.79551506,0.284768999
2021-01-19,0.369136989,42.78553391,36069.80469,0.009098,16.46850967,1377.295898,0.032513998,0,3.641865969,0.294313997
2021-01-20,0.375393987,42.60689926,35547.75,0.00906,17.94893074,1382.274048,0.034533001,,3.723577976,0.296517998
2021-01-21,0.310209006,38.64583969,30825.69922,0.008166,15.94483757,1121.570923,0.028604001,,2.990535975,0.268945992
2021-01-22,0.34957701,40.85757065,33005.76172,0.008524,17.1614418,1236.512207,0.031298,0,3.346229076,0.272798985
2021-01-23,0.345643014,40.81547928,32067.64258,0.008579,18.59819984,1230.990601,0.033975001,,3.504112005,0.271820992
2021-01-24,0.353881001,41.88160706,32289.37891,0.008727,17.99964905,1391.609375,0.033177,,3.634411097,0.273508996
2021-01-25,0.343885988,41.623703,32366.39258,0.008383,17.25045586,1324.414795,0.032977998,0,3.699980974,0.269089013
2021-01-26,0.34423399,41.69473648,32569.84961,0.008255,17.11776161,1357.058105,0.043359999,0,4.04734993,0.268826991
2021-01-27,0.313080013,40.99487686,30432.54688,0.007482,15.50486088,1253.187134,0.042072002,0,3.690587044,0.251942992
2021-01-28,0.346129,42.52910614,33466.09766,0.034084,16.94493294,1332.492188,0.038892001,0,3.822072029,0.264122009
2021-01-29,0.348131001,42.85234833,34316.38672,0.047162,16.84161186,1382.522827,0.040277001,0,3.834676027,0.282187998
2021-01-30,0.362619013,44.77227783,34269.52344,0.028176,16.50690842,1376.115479,0.039925002,0,4.224276066,0.440243989
2021-01-31,0.344897985,44.27599335,33114.35938,0.037195999,16.121315,1314.986206,0.038279001,0,4.264143944,0.492314011
2021-02-01,0.402033001,51.60769653,33537.17578,0.034875002,16.37577629,1369.040527,0.040876999,0,4.61160183,0.371508986
2021-02-02,0.426247001,51.05640411,35510.28906,0.031520002,17.26325607,1515.193726,0.041083001,0,5.26750803,0.369269997
2021-02-03,0.441399992,52.24263763,37472.08984,0.03712,20.73365211,1660.909546,0.043836001,0,5.715990067,0.393489987
2021-02-04,0.441051006,55.92512512,36926.06641,0.053289,19.70218277,1594.762695,0.047347002,0,6.426064968,0.446449012
2021-02-05,0.537873983,67.8455658,38144.30859,0.046935,20.90267563,1718.650879,0.054767001,0,6.68171978,0.450046986
2021-02-06,0.627885997,72.7335968,39266.01172,0.057595,20.3954792,1677.846802,0.052406002,0,6.110806942,0.439096004
2021-02-07,0.663237989,68.59052277,38903.44141,0.078782,19.79361534,1614.227783,0.067642003,0,6.700462818,0.417957991
2021-02-08,0.682510972,79.83154297,46196.46484,0.078824997,23.0318985,1746.616821,0.071268,0,7.883250237,0.447701991
2021-02-09,0.703516006,107.8992767,46481.10547,0.070069999,23.12996483,1768.035034,0.098867998,0,7.816792965,0.471991003
2021-02-10,0.930317998,129.7371521,44918.18359,0.072896004,23.58505058,1744.243408,0.117016003,0,9.072214127,0.503445029
2021-02-11,0.927740991,124.4342575,47909.33203,0.069675997,25.23029518,1783.797974,0.123611003,0,9.215352058,0.524787009
2021-02-12,0.925586998,136.9483948,47504.85156,0.070069,28.69125748,1843.532593,0.121233001,0,9.247012138,0.608591974
2021-02-13,0.905718982,133.4526825,47105.51563,0.06645,28.01672554,1814.109863,0.111649998,0,8.732455254,0.628996015
2021-02-14,0.848419011,136.4265137,48717.28906,0.062537,27.09573555,1805.084106,0.100922003,0,8.73889637,0.594192982
2021-02-15,0.861011982,129.5678864,47945.05859,0.056591,27.78089333,1779.791016,0.107605003,0,8.861739159,0.548915029
2021-02-16,0.870950997,130.0566559,49199.87109,0.053520001,30.1599102,1781.067505,0.108900003,0,8.297866821,0.520846009
2021-02-17,0.890919983,164.670105,52149.00781,0.049376,31.9866581,1848.458252,0.112219997,0,8.222577095,0.535537004
2021-02-18,0.914119005,195.9326324,51679.79688,0.059540998,31.18063927,1937.449219,0.122744001,0,8.980451584,0.532432973
2021-02-19,0.927649021,332.6160278,55888.13281,0.055139001,34.79221725,1960.164795,0.154840007,0,11.46565342,0.567018986
2021-02-20,1.122957945,255.9537354,56099.51953,0.054384001,39.24217606,1919.534058,0.146081001,0,10.00266361,0.517512023
2021-02-21,1.100520015,293.923584,57539.94531,0.055980001,39.69622803,1935.601074,0.162249997,0,11.08551311,0.548560023
2021-02-22,1.099151015,267.5097961,54207.32031,0.053725,37.68947983,1781.99292,0.152005002,0,14.45478535,0.571740985
2021-02-23,0.954708993,230.9942474,48824.42578,0.047392,34.30077362,1570.203979,0.137005001,0,15.20153809,0.473562986
2021-02-24,1.051656961,254.3591309,49705.33203,0.056554999,33.63354492,1626.575684,0.160243005,0,17.30270767,0.471832007
2021-02-25,1.079115987,233.8859558,47093.85156,0.050167002,31.08065987,1475.703735,0.176179007,0,13.81601429,0.434524
2021-02-26,1.24110496,221.6804352,46339.76172,0.050480001,31.34609032,1446.033691,0.190602005,0,13.58794117,0.427899987
2021-02-27,1.324859977,225.2494354,46188.45313,0.050083,33.44936752,1459.973145,0.197532997,0,13.20116806,0.43780899
2021-02-28,1.308058977,209.5744019,45137.76953,0.048052002,33.60725784,1416.04895,0.228846997,0,13.08924675,0.414952993
2021-03-01,1.292387962,254.6299286,49631.24219,0.050599001,35.58492661,1564.707642,0.251572013,0,14.95558834,0.447243989
2021-03-02,1.225582004,239.5225372,48378.98828,0.050262,36.15311813,1492.608765,0.231893003,0,13.95892143,0.436836988
2021-03-03,1.216593027,241.0913696,50538.24219,0.050592002,37.0433197,1575.853149,0.223934993,0,14.11559105,0.450278997
2021-03-04,1.114868045,229.9450684,48561.16797,0.050048001,35.33031082,1541.914307,0.200395003,0,13.09798336,0.486604989
2021-03-05,1.168522954,226.3725586,48927.30469,0.049609002,33.72447205,1533.275024,0.215170994,0,12.61044312,0.458119005
2021-03-06,1.131011963,226.6668549,48912.38281,0.050983999,33.43369293,1654.741577,0.212986007,0,13.03645802,0.46510601
2021-03-07,1.133366942,240.1792145,51206.69141,0.052122001,35.18865967,1723.153809,0.212243006,0,13.87773228,0.466867
2021-03-08,1.118052959,240.3186646,52246.52344,0.061949,34.91375351,1834.727905,0.216621995,0,13.60218811,0.47359699
2021-03-09,1.195160985,293.4632263,54824.11719,0.057998002,38.19419098,1868.048828,0.298981011,0,14.84631062,0.485987991
2021-03-10,1.135002971,279.3580322,56008.55078,0.056003999,37.56694412,1799.16626,0.287524015,0,14.23108387,0.463165998
2021-03-11,1.124789953,289.790802,57805.12109,0.055918001,36.88249588,1826.194946,0.410605013,0,15.99227905,0.452960014
2021-03-12,1.039144039,263.6858215,57332.08984,0.055349,35.98695374,1772.102417,0.414407998,0,14.55214214,0.441130996
2021-03-13,1.103314042,276.1047058,61243.08594,0.062431999,37.15781021,1924.685425,0.425134003,0,15.3088026,0.459924012
2021-03-14,1.059154034,264.6367493,59302.31641,0.058591999,36.57925034,1854.564331,0.382880986,0,14.50826645,0.442111999
2021-03-15,1.033539057,254.6608276,55907.19922,0.057087999,34.35751724,1791.702271,0.392958999,0,14.18666172,0.437554985
2021-03-16,1.242952943,258.1006775,56804.90234,0.058607001,35.43083191,1806.971802,0.373221993,0,13.62277317,0.462599993
2021-03-17,1.378672957,269.8548584,58870.89453,0.057652999,36.14136505,1823.449341,0.403259009,0,14.2202034,0.472416997
2021-03-18,1.239006042,261.7048035,57858.92188,0.057383001,35.51722336,1782.855103,0.390733987,0,14.23002529,0.472918987
2021-03-19,1.302170038,264.0574341,58346.65234,0.058327999,38.27268982,1817.624146,0.41178301,0,14.20479584,0.471170992
2021-03-20,1.206540942,264.7416687,58313.64453,0.058961,37.35047913,1812.634644,0.383614987,0,14.21198082,0.52699101
2021-03-21,1.189139962,264.8861694,57523.42188,0.057234,36.79360962,1788.217041,0.381072015,0,14.33220577,0.519834995
2021-03-22,1.10987401,255.9001923,54529.14453,0.054962002,35.53754425,1691.333984,0.348746002,0,14.9192934,0.549942017
2021-03-23,1.121551991,255.6896667,54738.94531,0.053555999,34.46046448,1678.650146,0.331694007,0,14.20483112,0.556595027
2021-03-24,1.075001955,249.8513794,52774.26563,0.051702,30.4364357,1593.413452,0.324979007,0,13.6612978,0.488837004
2021-03-25,1.101573944,234.885437,51704.16016,0.051447999,29.98220825,1595.359253,0.301851004,0,13.02508545,0.517498016
2021-03-26,1.213968992,255.1045685,55137.3125,0.053952001,33.20038605,1702.842041,0.336804003,0,14.77942085,0.567054987
2021-03-27,1.176576972,269.1023254,55973.51172,0.054377001,32.66104889,1716.494629,0.333443999,0,16.50832176,0.550442994
2021-03-28,1.191123962,269.1912842,55950.74609,0.053698,32.29789352,1691.355957,0.34601,0,18.01623344,0.550755978
2021-03-29,1.202540994,275.2146301,57750.19922,0.054051999,34.37360382,1819.684937,0.383946002,0,18.85480881,0.567870975
2021-03-30,1.213317037,311.4264832,58917.69141,0.0539,34.0668602,1846.033691,0.371280015,0,19.23392487,0.566859007
2021-03-31,1.193264008,302.063446,58918.83203,0.053656999,37.02701187,1918.362061,0.359934002,0,19.46522903,0.57386899
2021-04-01,1.189244032,335.2128906,59095.80859,0.061985999,37.67287827,1977.276855,0.36422199,0,19.08490181,0.579291999
2021-04-02,1.196509004,339.0077209,59384.3125,0.057663999,41.16428375,2143.225586,0.384002,0,19.81022263,0.616568983
2021-04-03,1.17327702,323.1335144,57603.89063,0.055803999,41.64603043,2028.422485,0.354030997,0,22.55227661,0.590915024
2021-04-04,1.191419959,351.6243896,58758.55469,0.057404,44.65221024,2093.122803,0.362637013,0,24.06132317,0.646728992
2021-04-05,1.214300036,367.7724915,59057.87891,0.059696,45.79722977,2107.887207,0.370032996,0,22.98428345,0.92047298
2021-04-06,1.255354047,403.5907593,58192.35938,0.064457998,43.43019867,2118.378906,0.374565989,0,24.95714569,1.096266031
2021-04-07,1.175148964,374.6588135,56048.9375,0.059028,39.59401321,1971.077271,0.337208003,0,26.47808075,0.917576015
2021-04-08,1.219436049,418.0383911,58323.95313,0.061464,41.36595154,2088.57373,0.356305987,0,27.03398705,1.052755952
2021-04-09,1.203539968,453.1784668,58245.00391,0.061684001,40.84930801,2072.108887,0.367603004,0,27.77827454,1.020836949
2021-04-10,1.218757987,472.5603333,59793.23438,0.063845001,41.62615204,2135.942139,0.358471006,0,26.84140396,1.374415994
2021-04-11,1.266734958,525.3855591,60204.96484,0.074648999,41.42339706,2157.656982,0.370532006,0,27.93189049,1.360530019
2021-04-12,1.316126943,598.7226563,59893.45313,0.070767,40.49749756,2139.353271,0.358043998,0,28.51212311,1.467735052
2021-04-13,1.41178596,549.5865479,63503.45703,0.093445003,42.94791031,2299.187744,0.42207399,0,27.4355526,1.794000983
2021-04-14,1.455420017,549.5918579,63109.69531,0.121517003,42.64084244,2435.10498,0.414680004,0,26.47511101,1.839236021
2021-04-15,1.481588006,542.6320801,63314.01172,0.182207003,43.51596832,2519.116211,0.44273299,0,27.8183136,1.766067028
2021-04-16,1.416949034,510.2201843,61572.78906,0.365869999,41.53797531,2431.946533,0.436446995,1.00E-06,25.39736557,1.557526946
2021-04-17,1.384868979,520.416748,60683.82031,0.284173012,42.53594971,2344.89502,0.40625301,2.00E-06,25.0998745,1.560055017
2021-04-18,1.275501013,481.0342407,56216.18359,0.320475012,37.34743118,2237.136963,0.362901002,2.00E-06,32.30291748,1.405997992
2021-04-19,1.197958946,505.092926,55724.26563,0.407317996,34.81666946,2166.188721,0.327199996,4.00E-06,31.67589569,1.315044045
2021-04-20,1.26593399,587.0291138,56473.03125,0.319499999,35.44443512,2330.210938,0.341524005,2.00E-06,31.77005386,1.383298993
2021-04-21,1.206735015,546.0235596,53906.08984,0.306924999,33.8710289,2364.751709,0.359228998,1.00E-06,32.51304245,1.296497941
2021-04-22,1.147017002,506.0130005,51762.27344,0.260966986,32.9884758,2403.535156,0.349444985,2.00E-06,38.87976074,1.159682035
2021-04-23,1.155701995,526.5652466,51093.65234,0.248509005,32.22798538,2363.586182,0.381808013,1.00E-06,36.97842026,1.169659972
2021-04-24,1.101354957,496.4150696,50050.86719,0.270211995,28.93283272,2211.625732,0.353428006,1.00E-06,40.73731613,1.048706055
2021-04-25,1.088250041,505.0770569,49004.25391,0.251111001,29.76248932,2316.05957,0.382883996,1.00E-06,47.36762619,1.032256007
2021-04-26,1.234019041,534.5776978,54021.75391,0.27067399,33.40662766,2534.481689,0.535193026,1.00E-06,43.97651672,1.368505955
2021-04-27,1.306926966,568.47052,55033.11719,0.272188008,34.70315933,2662.865234,0.832754016,1.00E-06,43.23900223,1.400954962
2021-04-28,1.335665941,562.6325684,54824.70313,0.32368201,33.96755219,2746.380127,0.773113012,1.00E-06,44.82598495,1.358600974
2021-04-29,1.308014035,599.706543,53555.10938,0.305168986,35.96815491,2756.876953,0.890872002,1.00E-06,42.46054077,1.399359941
2021-04-30,1.352449059,624.0805664,57750.17578,0.337561011,36.54066467,2773.207031,0.820568025,2.00E-06,42.95600128,1.59167397
2021-05-01,1.353070974,619.347229,57828.05078,0.392987013,36.92968369,2945.892822,0.786821008,2.00E-06,49.50802231,1.651025057
2021-05-02,1.326812029,622.1010132,56631.07813,0.376046002,36.65452957,2952.056152,0.824512005,2.00E-06,46.8909874,1.562641025
2021-05-03,1.362030029,675.684082,57200.29297,0.441706985,37.25520706,3431.086182,0.796139002,2.00E-06,45.93368912,1.555994987
2021-05-04,1.274111032,611.2003174,53333.53906,0.541333973,34.853508,3253.629395,0.704383016,2.00E-06,42.72955704,1.392375946
2021-05-05,1.475528955,651.6627197,57424.00781,0.657633007,40.49504471,3522.783203,0.811084986,2.00E-06,44.92357635,1.614511967
2021-05-06,1.650123954,633.2803955,56396.51563,0.58080399,41.53346634,3490.880371,0.761784971,2.00E-06,43.45567703,1.60058105
2021-05-07,1.653452992,624.5632935,57356.40234,0.684777021,39.92985153,3484.729004,0.753129005,3.00E-06,43.15501785,1.581755042
2021-05-08,1.619554043,646.1008301,58803.77734,0.636439025,39.83269119,3902.647705,0.848258018,1.60E-05,45.56153107,1.56259799
2021-05-09,1.770562053,662.2285767,58232.31641,0.570070028,40.31284332,3928.844727,0.969865024,1.60E-05,44.33019638,1.535292983
2021-05-10,1.644695997,631.3519897,55859.79688,0.449963987,36.54177094,3952.293945,0.875069022,3.50E-05,42.90963364,1.389006019
2021-05-11,1.764076948,672.3339233,56704.57422,0.495231003,38.64228439,4168.701172,1.069219947,3.10E-05,44.57746887,1.477681994
2021-05-12,1.552775025,588.1851807,49150.53516,0.385376006,34.03139114,3785.848633,1.019014001,1.80E-05,42.45730972,1.247864008
2021-05-13,1.933668017,571.4345093,49716.19141,0.490373999,40.03165436,3715.148438,1.053153992,2.10E-05,40.99785233,1.358909965
2021-05-14,2.004796028,603.1282959,49880.53516,0.559603989,47.94593811,4079.057373,1.470762014,1.90E-05,42.71786499,1.402917027
2021-05-15,2.174026966,563.041687,46760.1875,0.507972002,43.53863144,3638.12207,1.608185053,1.60E-05,43.46130753,1.485880017
2021-05-16,2.309113026,562.829834,46456.05859,0.514895022,42.63151169,3587.506104,1.714745045,1.80E-05,47.20082855,1.452605963
2021-05-17,2.032226086,511.964386,43537.51172,0.487892002,38.7101593,3282.397705,1.727972984,1.60E-05,46.86320496,1.496299982
2021-05-18,2.003662109,508.0223083,42909.40234,0.476114988,40.64535522,3380.070068,2.454366922,1.60E-05,55.91096115,1.590734005
2021-05-19,1.482521057,339.0254822,37002.44141,0.333122998,25.22714233,2460.679199,1.659389973,9.00E-06,35.10718155,1.070312977
2021-05-20,1.810469031,393.6127625,40782.73828,0.400193989,29.15056992,2784.294189,1.841451049,1.00E-05,44.74274826,1.185536981
2021-05-21,1.552276969,326.2963257,37304.69141,0.359382004,24.46397018,2430.621338,1.482336044,8.00E-06,38.81285095,1.006976008
2021-05-22,1.463621974,299.5040894,37536.63281,0.342370987,22.01452446,2295.705566,1.193292022,8.00E-06,31.31558228,0.906316996
2021-05-23,1.325435996,262.9456787,34770.58203,0.308070987,18.02944183,2109.579834,1.086714983,8.00E-06,24.68874741,0.797015011
2021-05-24,1.549484968,345.3096313,38705.98047,0.366162002,23.19908905,2643.591064,1.717576981,1.10E-05,31.28357124,0.992834985
2021-05-25,1.55536902,344.1139832,38402.22266,0.346302003,22.13013077,2706.628906,1.940050006,9.00E-06,29.99707794,0.976186991
2021-05-26,1.782701969,379.8543091,39294.19922,0.353693008,24.54968834,2888.69873,2.210166931,1.00E-05,35.53981781,1.033725023
2021-05-27,1.645959973,367.6557922,38436.96875,0.332944989,23.85298157,2736.488525,2.026745081,9.00E-06,33.58459091,0.97023499
2021-05-28,1.511986971,329.8799133,35697.60547,0.311205,21.41009331,2419.90625,1.823294044,8.00E-06,29.03927612,0.900147974
2021-05-29,1.406231999,305.0521545,34616.06641,0.303110003,19.86337471,2279.51416,1.698194027,8.00E-06,27.37642097,0.831788003
2021-05-30,1.577278972,325.7840271,35678.12891,0.30222401,20.47398758,2390.30542,1.864938021,8.00E-06,28.60265923,0.906608999
2021-05-31,1.742777944,354.3293457,37332.85547,0.325809985,23.43092728,2714.945313,1.881024003,9.00E-06,32.81624603,1.04658401
2021-06-01,1.734753013,362.7946472,36684.92578,0.370077014,22.81084633,2633.518311,1.821164012,9.00E-06,30.98526001,1.011000991
2021-06-02,1.752823949,401.2623291,37575.17969,0.423373997,25.95772743,2706.125,1.795897007,9.00E-06,33.9563179,1.024399996
2021-06-03,1.840471029,427.8079224,39208.76563,0.399962991,27.01345825,2855.126465,1.823845983,1.00E-05,39.4709053,1.045320988
2021-06-04,1.710908055,391.3953247,36894.40625,0.376323014,25.00829887,2688.195068,1.631484032,9.00E-06,37.41506958,0.970196009
2021-06-05,1.65900898,390.4318542,35551.95703,0.372177005,23.81677055,2630.576904,1.527333975,8.00E-06,39.58539963,0.923286021
2021-06-06,1.678248048,393.8202209,35862.37891,0.371807009,24.20159912,2715.092773,1.583428025,9.00E-06,42.30837631,0.945285976
2021-06-07,1.564105988,357.3102112,33560.70703,0.331050009,21.62695885,2590.263184,1.48012197,8.00E-06,38.26233292,0.861154974
2021-06-08,1.588029981,354.0013733,33472.63281,0.327686995,21.74526978,2517.438721,1.485098958,7.00E-06,41.51781464,0.875787973
2021-06-09,1.624825954,375.7346802,37345.12109,0.343331009,23.18493843,2608.26709,1.492426991,7.00E-06,42.03177643,0.920033991
2021-06-10,1.531857014,352.183197,36702.59766,0.326350987,22.68481636,2471.518555,1.362205029,7.00E-06,41.09867477,0.869181991
2021-06-11,1.436378002,345.9336853,37334.39844,0.319359004,20.98585701,2353.768799,1.251965046,6.00E-06,36.04608536,0.848450005
2021-06-12,1.48021996,343.7410278,35552.51563,0.312083989,20.77703667,2372.484375,1.341269016,6.00E-06,36.44168854,0.832683027
2021-06-13,1.558359027,366.6489563,39097.85938,0.324382007,22.076334,2508.391602,1.469216943,7.00E-06,38.77043533,0.883159995
2021-06-14,1.575109959,368.7927551,40218.47656,0.332085013,22.2053566,2537.891113,1.477862954,7.00E-06,38.71305466,0.89289701
2021-06-15,1.597756028,373.5661621,40406.26953,0.328381002,24.76083565,2610.936768,1.691460013,7.00E-06,41.15364838,0.889800012
2021-06-16,1.482573032,347.0334473,38347.0625,0.307761014,22.9721756,2367.663574,1.477197051,8.00E-06,39.7036171,0.831907988
2021-06-17,1.482193947,352.7385254,38053.50391,0.306495994,22.51145363,2372.001953,1.503793955,8.00E-06,39.26459122,0.841437995
2021-06-18,1.415395975,336.8096924,35787.24609,0.293471992,21.39889526,2231.733154,1.377261043,7.00E-06,36.64879608,0.797648013
2021-06-19,1.390570045,335.7128296,35615.87109,0.287355989,20.35594177,2178.499023,1.363695025,8.00E-06,35.35343552,0.761672974
2021-06-20,1.429188013,340.0671997,35698.29688,0.280900002,20.67236328,2246.364502,1.398995996,8.00E-06,35.32201385,0.776377022
2021-06-21,1.177479982,270.984436,31676.69336,0.178691,15.76990414,1888.44751,1.099051952,6.00E-06,26.65740013,0.610387981
2021-06-22,1.153254032,261.8180847,32505.66016,0.191030994,14.65241241,1874.950073,1.074383974,6.00E-06,26.77185631,0.545067012
2021-06-23,1.252895951,294.4902954,33723.02734,0.232173994,16.14249039,1989.736328,1.158586979,7.00E-06,30.04888725,0.626534998
2021-06-24,1.356086969,308.3970337,34662.4375,0.262782007,16.25365829,1988.456299,1.203148007,7.00E-06,31.18103409,0.671999991
2021-06-25,1.256477952,281.6209106,31637.7793,0.239152998,14.46769619,1813.217285,1.046162963,7.00E-06,28.69886208,0.613322973
2021-06-26,1.250440001,279.4380493,32186.27734,0.244783998,14.49961185,1829.239258,1.075453043,7.00E-06,29.71285439,0.615435004
2021-06-27,1.335201979,290.5670166,34649.64453,0.264450014,15.01559353,1978.894653,1.11203301,8.00E-06,31.92939186,0.646923006
2021-06-28,1.324751973,289.5341187,34434.33594,0.256857008,15.74037838,2079.657471,1.119223952,8.00E-06,32.92778015,0.643746018
2021-06-29,1.368437052,300.2115479,35867.77734,0.262769014,16.25337029,2160.768311,1.167279005,9.00E-06,33.86680222,0.701725006
2021-06-30,1.383471966,303.2958679,35040.83594,0.254215002,16.40219498,2274.547607,1.167428017,9.00E-06,35.55640411,0.70637399
2021-07-01,1.335610986,288.2184143,33572.11719,0.244549006,15.27896404,2113.605469,1.077357054,8.00E-06,33.40403366,0.661180019
2021-07-02,1.39439702,287.4230957,33897.04688,0.245263994,15.34077358,2150.040283,1.103610992,8.00E-06,34.02048111,0.656763017
2021-07-03,1.406836033,298.2371216,34668.54688,0.246410996,15.55371571,2226.114258,1.118638039,9.00E-06,34.47881699,0.672887981
2021-07-04,1.458184004,307.7320862,35287.78125,0.246482998,16.01402664,2321.724121,1.147865057,9.00E-06,34.31060028,0.694944978
2021-07-05,1.404898047,302.3779907,33746.00391,0.231613994,15.23558235,2198.58252,1.101609945,8.00E-06,32.98458862,0.654299974
2021-07-06,1.418053031,320.9348145,34235.19531,0.234421998,16.14356422,2324.679443,1.131785989,9.00E-06,34.26913834,0.665401995
2021-07-07,1.403118014,327.5224609,33855.32813,0.224125996,16.85778999,2315.161865,1.128411055,9.00E-06,36.59136963,0.651575029
2021-07-08,1.330145955,310.427124,32877.37109,0.207597002,15.33774757,2120.026367,1.043339968,8.00E-06,33.20372772,0.623058021
2021-07-09,1.349473953,316.4845276,33798.01172,0.219863996,15.66926861,2146.692383,1.051329017,8.00E-06,33.26464844,0.636803985
2021-07-10,1.336084962,316.1401367,33520.51953,0.213919997,15.2908392,2111.403564,1.02987802,8.00E-06,31.78864479,0.625463009
2021-07-11,1.348145008,322.0316467,34240.1875,0.215856001,15.48243523,2139.664795,1.042152047,8.00E-06,32.17784119,0.635935009
2021-07-12,1.315099001,316.328186,33155.84766,0.208048001,14.87313271,2036.721069,0.996987998,8.00E-06,30.84808731,0.630177975
2021-07-13,1.265082955,308.8111572,32702.02539,0.200002998,14.18964958,1940.083984,0.945663989,7.00E-06,29.12118912,0.619522989
2021-07-14,1.262258053,309.4063721,32822.34766,0.197323993,13.79957008,1994.331299,0.928695977,7.00E-06,31.28100014,0.620324016
2021-07-15,1.223191977,315.2440186,31780.73047,0.184888005,13.08484936,1911.175659,0.876782,7.00E-06,28.45210075,0.596940994
2021-07-16,1.173714995,302.9855957,31421.53906,0.172344998,12.05382633,1880.382935,0.812614024,7.00E-06,26.37000847,0.590774
2021-07-17,1.172302008,300.4979248,31533.06836,0.186124995,12.29217625,1898.825195,0.801460981,7.00E-06,26.72166824,0.582427979
2021-07-18,1.183698058,302.4804993,31796.81055,0.182233006,12.68214607,1895.552124,0.795457006,7.00E-06,26.75190926,0.587921977
2021-07-19,1.121116042,280.0186157,30817.83203,0.173556,11.42525101,1817.296631,0.730727971,6.00E-06,24.44757652,0.557555974
2021-07-20,1.056290984,264.7823792,29807.34766,0.170800999,10.98121166,1787.510742,0.690101027,6.00E-06,23.48955536,0.529335976
2021-07-21,1.168097973,292.5313721,32110.69336,0.190348998,12.30587864,1990.970825,0.888009012,7.00E-06,26.6230793,0.569998026
2021-07-22,1.186161041,293.6411438,32313.10547,0.191303,13.16149139,2025.202759,0.880550981,6.00E-06,27.70208168,0.592206001
2021-07-23,1.206307054,299.2829895,33581.55078,0.194764003,13.39796829,2124.776611,0.949230015,6.00E-06,28.51387978,0.609224021
2021-07-24,1.233497024,302.0718689,34292.44531,0.197319001,13.80534077,2189.21875,0.949325025,6.00E-06,28.70261955,0.609826982
2021-07-25,1.228500962,302.4361572,35350.1875,0.197863996,13.71259975,2191.373779,0.939943016,6.00E-06,28.16877365,0.606356978
2021-07-26,1.258492947,304.478241,37337.53516,0.204419002,13.95171165,2233.366699,1.017886043,6.00E-06,28.30664253,0.625617981
2021-07-27,1.278445959,313.6026001,39406.94141,0.205899,14.37607193,2298.333496,1.039819956,6.00E-06,28.06532669,0.644604027
2021-07-28,1.283504009,313.4286499,39995.90625,0.205392003,14.53883457,2296.54541,1.015442967,6.00E-06,27.81541061,0.725444973
2021-07-29,1.284083962,316.7494507,40008.42188,0.204619005,15.23694801,2380.956787,1.025704026,6.00E-06,31.28113747,0.748017013
2021-07-30,1.308951974,322.9093628,42235.54688,0.208820999,15.83852291,2466.961426,1.069406986,6.00E-06,32.39394379,0.752119005
2021-07-31,1.322345018,333.5495911,41626.19531,0.208314002,16.84720421,2536.209961,1.082648993,6.00E-06,36.82731247,0.747785985
2021-08-01,1.31772995,333.4840088,39974.89453,0.204437003,18.41396523,2561.852051,1.052474022,6.00E-06,34.2543602,0.725921988
2021-08-02,1.310068011,331.1031189,39201.94531,0.203600004,18.01728439,2610.15332,1.048185945,6.00E-06,33.22241974,0.739220023
2021-08-03,1.365025997,322.7477417,38152.98047,0.195967004,17.33682632,2502.349609,1.018795013,6.00E-06,33.99644089,0.712728977
2021-08-04,1.376564026,334.9187927,39747.50391,0.20149,19.16309357,2724.619873,1.052682042,6.00E-06,35.7636261,0.730488002
2021-08-05,1.386144996,337.8738708,40869.55469,0.200974002,19.1323719,2827.328857,1.064944983,6.00E-06,37.35513687,0.733151019
2021-08-06,1.40178597,342.1369934,42816.5,0.204687998,20.40067863,2890.94165,1.080821991,6.00E-06,39.44610214,0.746513009
2021-08-07,1.470677018,355.7413635,44555.80078,0.260340989,20.96709442,3157.23877,1.166139007,8.00E-06,39.4034729,0.816281021
2021-08-08,1.427829981,342.0647583,43798.11719,0.240044996,19.6761322,3013.732666,1.080906987,7.00E-06,37.67382431,0.778738976
2021-08-09,1.477640033,354.9668274,46365.40234,0.256897002,20.62097168,3167.856201,1.127634048,8.00E-06,38.76778412,0.818552971
2021-08-10,1.672566056,371.9543762,45585.03125,0.257324994,20.60800934,3141.691162,1.157588959,8.00E-06,40.63979721,0.851247013
2021-08-11,1.798038006,391.7570496,45593.63672,0.265262991,21.40242195,3164.245117,1.373568058,8.00E-06,41.74411392,1.012524009
2021-08-12,1.82387805,385.8189697,44428.28906,0.263920993,20.75480652,3043.414307,1.321019053,8.00E-06,41.09936142,0.964549005
2021-08-13,2.136079073,410.9448853,47793.32031,0.286808014,22.71414948,3322.21167,1.513185978,8.00E-06,44.89450073,1.089959979
2021-08-14,2.191687107,409.0344849,47096.94531,0.293112993,22.86102676,3265.443359,1.44175899,8.00E-06,44.11285019,1.280411959
2021-08-15,2.169152975,414.5950317,47047.00391,0.341441005,23.17401695,3310.50415,1.466439962,9.00E-06,53.74515915,1.288159966
2021-08-16,2.07941699,417.4708557,46004.48438,0.32071501,24.53585625,3156.509521,1.427513003,9.00E-06,62.4324646,1.190992951
2021-08-17,1.926601052,401.908905,44695.35938,0.299441993,23.53363991,3014.845947,1.351758957,8.00E-06,64.21070862,1.09819901
2021-08-18,2.108560085,398.2514648,44801.1875,0.303739011,23.94813538,3020.089844,1.338546991,8.00E-06,72.54331207,1.146096945
2021-08-19,2.428139925,430.9888611,46717.57813,0.317144006,26.54862785,3182.702148,1.469267964,8.00E-06,72.75760651,1.232841969
2021-08-20,2.457701921,454.9363098,49339.17578,0.327490985,28.14695358,3286.935303,1.552742958,8.00E-06,78.724617,1.263221979
2021-08-21,2.435435057,448.9202576,48905.49219,0.316796988,27.87333679,3226.083984,1.584974051,8.00E-06,73.75621033,1.216472983
2021-08-22,2.71372509,449.0534973,49321.65234,0.314963013,27.73687363,3242.115479,1.626175046,8.00E-06,72.80391693,1.227722049
2021-08-23,2.917386055,499.8905945,49546.14844,0.317914009,27.89130974,3319.257324,1.62429595,8.00E-06,75.70803833,1.247269988
2021-08-24,2.721091032,471.595459,47706.11719,0.288738996,25.08144569,3172.456299,1.474746943,7.00E-06,70.67090607,1.13735199
2021-08-25,2.738132,502.7862549,48960.78906,0.292225987,25.93537331,3224.915283,1.525951028,8.00E-06,71.9515686,1.172528982
2021-08-26,2.535527945,479.0061035,46942.21875,0.268909007,23.9814949,3100.325439,1.377738953,7.00E-06,75.31620789,1.075266004
2021-08-27,2.944196939,494.4986877,49058.66797,0.294432998,26.56975365,3270.60083,1.515493035,7.00E-06,88.08698273,1.188472986
2021-08-28,2.847490072,486.1969299,48902.40234,0.285629004,25.96674156,3244.40332,1.457911968,7.00E-06,96.70317078,1.145504951
2021-08-29,2.855986118,480.28302,48829.83203,0.281125009,25.73291779,3227.002686,1.42078197,7.00E-06,94.46967316,1.140831947
2021-08-30,2.733160019,459.4907532,47054.98438,0.272125006,26.0447197,3224.374268,1.313902974,7.00E-06,110.5448074,1.101434946
2021-08-31,2.772475004,464.4187317,47166.6875,0.278452992,31.47002029,3433.732666,1.33810401,7.00E-06,108.4837723,1.187592983
2021-09-01,2.870767117,490.0687256,48847.02734,0.29440099,33.13948059,3834.828125,1.471418023,7.00E-06,111.0330048,1.23488903
2021-09-02,2.963438034,483.921051,49327.72266,0.295955002,31.81471252,3790.98999,1.446720958,7.00E-06,128.1023865,1.256324053
2021-09-03,2.968239069,488.6047058,50025.375,0.296272993,33.67427444,3940.614746,1.459216952,7.00E-06,146.5830536,1.291435003
2021-09-04,2.832807064,498.0784302,49944.625,0.299387991,32.4175148,3887.828369,1.733909965,7.00E-06,139.1130676,1.255779028
2021-09-05,2.91082406,504.619873,51753.41016,0.314527005,34.40879059,3952.133545,1.67948103,8.00E-06,142.0708771,1.305498004
2021-09-06,2.83189702,495.9250183,52633.53516,0.308764994,34.311203,3928.379395,1.643828034,7.00E-06,164.3809204,1.389412999
2021-09-07,2.502490997,417.5087891,46811.12891,0.253744006,27.82574463,3426.394287,1.354202032,6.00E-06,173.1489258,1.125098944
2021-09-08,2.474988937,415.1131592,46091.39063,0.25711301,27.70879364,3497.315186,1.333335042,7.00E-06,191.0413971,1.100720048
2021-09-09,2.517666101,421.2700195,46391.42188,0.252595991,29.83556938,3427.340088,1.36718905,7.00E-06,188.1958008,1.089401007
2021-09-10,2.385910988,401.6217957,44883.91016,0.239981994,29.21535683,3211.505859,1.304479957,7.00E-06,179.8652344,1.057266951
2021-09-11,2.633949995,405.5273743,45201.45703,0.241431996,31.59460258,3270.278076,1.31546998,7.00E-06,178.8678741,1.079905987
2021-09-12,2.581727028,416.6832275,46063.26953,0.250616997,35.77433777,3410.134521,1.329738021,7.00E-06,174.5376282,1.119636059
2021-09-13,2.400662899,399.063446,44963.07422,0.235906005,34.76799011,3285.511719,1.247609973,7.00E-06,169.2695465,1.064677954
2021-09-14,2.395637989,414.2362366,47092.49219,0.240709007,37.37580109,3429.169678,1.316789985,7.00E-06,158.0948181,1.096573949
2021-09-15,2.501635075,431.4230347,48176.34766,0.247696996,36.46339417,3615.282715,1.416373014,7.00E-06,159.1173859,1.12135303
2021-09-16,2.420969009,424.649231,47783.35938,0.242555007,35.5475502,3571.294922,1.383579969,9.00E-06,152.4740601,1.091498017
2021-09-17,2.346419096,406.6328125,47267.51953,0.239930004,33.02138519,3398.538818,1.422435999,8.00E-06,147.5930634,1.065598011
2021-09-18,2.369977951,410.8092957,48278.36328,0.241385996,34.89886475,3432.018311,1.366242051,8.00E-06,169.1842194,1.075667977
2021-09-19,2.282299042,408.4716492,47260.21875,0.233142003,33.80133438,3329.447998,1.314545989,8.00E-06,152.5166931,1.048428059
2021-09-20,2.063988924,361.9659119,42843.80078,0.207071006,28.05183029,2958.993408,1.126376033,7.00E-06,132.1344604,0.917151988
2021-09-21,1.987028003,344.5346069,40693.67578,0.201027006,26.31650162,2764.431152,1.046900988,7.00E-06,123.9503937,0.876329005
2021-09-22,2.266181946,379.4403381,43574.50781,0.224858001,31.61177254,3077.86792,1.231153965,7.00E-06,147.9242554,1.004076004
2021-09-23,2.330940962,383.8204041,44895.09766,0.224831998,33.54473877,3155.523682,1.225594044,8.00E-06,149.7535706,1.002040029
2021-09-24,2.281269073,355.3162842,42839.75,0.209451005,30.84234428,2931.669189,1.128906965,7.00E-06,139.3956451,0.945923984
2021-09-25,2.30154109,349.8800964,42716.59375,0.208639994,29.84318542,2925.565674,1.122274995,7.00E-06,136.1789246,0.941341996
2021-09-26,2.208494902,344.1817627,43208.53906,0.204962,28.82866287,3062.265381,1.123015046,7.00E-06,135.6993713,0.944720984
2021-09-27,2.135905027,336.1912231,42235.73047,0.200261995,27.77210426,2934.138916,1.086693048,7.00E-06,136.7284241,0.923685014
2021-09-28,2.039139032,333.0325928,41034.54297,0.196804002,26.33382797,2807.296631,1.050354958,7.00E-06,131.5372162,0.893688977
2021-09-29,2.065687895,367.9895935,41564.36328,0.198875993,27.27425575,2853.143311,1.099416018,7.00E-06,135.3514557,0.928349018
2021-09-30,2.114451885,387.0573425,43790.89453,0.204244003,28.58061981,3001.678955,1.127109051,7.00E-06,141.069046,0.952636003
2021-10-01,2.258126974,421.6431885,48116.94141,0.223010004,31.9687767,3307.516113,1.266195059,8.00E-06,161.682373,1.042623997
2021-10-02,2.251458883,428.0983276,47711.48828,0.219133005,32.12210846,3391.694336,1.296617031,8.00E-06,169.0930176,1.038674951
2021-10-03,2.252872944,430.5088196,48199.95313,0.221747994,32.10525513,3418.358643,1.325379014,9.00E-06,172.5891571,1.055170059
2021-10-04,2.189234972,425.7489014,49112.90234,0.240851998,31.0421257,3380.089111,1.271909952,1.30E-05,166.7319183,1.043004036
2021-10-05,2.233124018,442.7061462,51514.8125,0.252016008,31.42745781,3518.518555,1.314543962,1.70E-05,164.1158295,1.085502982
2021-10-06,2.212155104,435.4013672,55361.44922,0.255133986,32.28961182,3580.562012,1.257642984,2.80E-05,154.1077423,1.077656031
2021-10-07,2.276994944,438.7617493,53805.98438,0.242923006,33.97454834,3587.974854,1.276507974,2.30E-05,154.281189,1.068025947
2021-10-08,2.237175941,419.1020508,53967.84766,0.243851006,33.37289429,3563.759277,1.344027996,2.70E-05,158.9492035,1.062891006
2021-10-09,2.266614914,421.549469,54968.22266,0.246595994,36.32740402,3575.716797,1.351140022,2.70E-05,156.8258362,1.159926057
2021-10-10,2.197213888,405.0693054,54771.57813,0.229804993,34.46641922,3425.852783,1.248175025,2.60E-05,148.0487061,1.138453007
2021-10-11,2.173388958,413.4562073,57484.78906,0.231502995,34.18463135,3545.354004,1.243723989,3.10E-05,144.858139,1.137887955
2021-10-12,2.119189978,443.8675232,56041.05859,0.226242006,35.15976715,3492.573242,1.223870993,2.90E-05,152.7371216,1.101858974
2021-10-13,2.189053059,470.7496948,57401.09766,0.232572004,41.61693192,3606.20166,1.241117954,2.90E-05,148.1760406,1.128391981
2021-10-14,2.170362949,472.0223999,57321.52344,0.232272997,40.75510025,3786.01416,1.263054013,2.70E-05,149.7568054,1.132315993
2021-10-15,2.214651108,473.7026367,61593.94922,0.233781993,43.15711212,3862.634766,1.583204985,2.50E-05,162.5962067,1.140550017
2021-10-16,2.177712917,465.6424561,60892.17969,0.237292007,41.75762558,3830.38208,1.506134033,2.60E-05,157.5388184,1.135095954
2021-10-17,2.15696311,470.6255493,61553.61719,0.237898007,42.07395172,3847.104492,1.456534982,2.80E-05,159.7438049,1.093467951
2021-10-18,2.128262997,485.1110229,62026.07813,0.247281,41.18367004,3748.760254,1.479115963,2.90E-05,157.2312775,1.083842039
2021-10-19,2.112962008,488.1488647,64261.99219,0.245787993,41.38401413,3877.650879,1.471904993,2.80E-05,156.0170288,1.092079997
2021-10-20,2.185950041,501.0203247,65992.83594,0.254092991,44.3486557,4155.992188,1.531869054,2.90E-05,175.9468689,1.142328024
2021-10-21,2.136590958,471.2569275,62210.17188,0.242391005,42.84651947,4054.322754,1.50445497,2.70E-05,190.3184357,1.089315057
2021-10-22,2.154198885,478.643158,60692.26563,0.244221002,43.44936752,3970.181885,1.514093041,2.80E-05,196.4315338,1.088374019
2021-10-23,2.166815042,485.9064331,61393.61719,0.251733005,44.04997253,4171.663574,1.641917944,3.40E-05,197.7038574,1.094496965
2021-10-24,2.12343502,476.6331177,60930.83594,0.277047992,42.38565826,4087.903076,1.573737979,3.60E-05,202.3619843,1.084282994
2021-10-25,2.144066095,484.6450806,63039.82422,0.264706999,44.52662277,4217.876953,1.674448967,4.20E-05,210.1042938,1.095157981
2021-10-26,2.138777018,478.0250549,60363.79297,0.255732,44.88387299,4131.102051,1.736024976,4.80E-05,199.807251,1.108093023
2021-10-27,1.913236976,449.0079956,58482.38672,0.237690002,40.4104538,3930.257324,1.759942055,8.00E-05,183.7745972,0.995451987
2021-10-28,1.988219023,492.0155334,60622.13672,0.300446987,41.86169052,4287.318848,2.128509998,6.80E-05,194.8639832,1.058820009
2021-10-29,2.012187004,529.6221313,62227.96484,0.287853003,44.07362366,4414.746582,2.020571947,7.50E-05,200.1827545,1.081503034
2021-10-30,1.957422018,527.9212036,61888.83203,0.268344998,42.74783325,4325.650391,1.868108988,6.50E-05,195.4160614,1.08394897
2021-10-31,1.965026021,524.3644409,61318.95703,0.280243993,42.74209595,4288.074219,1.935003042,6.70E-05,202.4210205,1.113247037
2021-11-01,1.950001955,551.2559204,61004.40625,0.271728009,49.98225403,4324.626953,1.903897047,7.20E-05,203.5450897,1.092867017
2021-11-02,1.971377015,554.4476318,63226.40234,0.273120999,51.63135147,4584.798828,1.937505007,6.90E-05,220.2395935,1.136196017
2021-11-03,2.063700914,568.5787964,62970.04688,0.269407004,53.4437027,4607.193848,2.034598112,5.50E-05,242.898819,1.208796024
2021-11-04,1.984881997,559.7373047,61452.23047,0.263280004,53.88173294,4537.324219,1.917040944,4.90E-05,247.3877716,1.202003002
2021-11-05,1.986206055,608.6480713,61125.67578,0.261465013,51.89467239,4486.243164,1.901463985,6.20E-05,236.4743347,1.161532998
2021-11-06,2.006608963,636.1139526,61527.48047,0.261898011,52.00921631,4521.581055,1.884886026,5.90E-05,258.9343262,1.152454019
2021-11-07,2.021872044,650.4540405,63326.98828,0.266315013,52.2779808,4620.554688,1.884112,5.70E-05,249.8234863,1.217533946
2021-11-08,2.124418974,654.3150024,67566.82813,0.282359004,53.34845734,4812.087402,1.894047022,5.50E-05,248.4671783,1.282377005
2021-11-09,2.273483038,635.1906128,66971.82813,0.273526013,50.77936172,4735.068848,1.776468039,5.50E-05,239.2131348,1.258929968
2021-11-10,2.101802111,615.2780762,64995.23047,0.255708992,46.87133026,4636.174316,1.705656052,5.00E-05,233.7795258,1.193372965
2021-11-11,2.085524082,629.892334,64949.96094,0.26116699,47.64762497,4730.384277,1.759541035,5.70E-05,234.2407532,1.218364
2021-11-12,2.045766115,626.6425171,64155.94141,0.259413987,45.88080597,4667.115234,1.71570003,5.20E-05,228.5020905,1.189355016
2021-11-13,2.053103924,650.104126,64469.52734,0.261705995,47.12905502,4651.460449,1.754876971,5.20E-05,241.8250275,1.191938043
2021-11-14,2.040853024,650.9180908,65466.83984,0.262912005,46.40182114,4626.358887,1.729668021,5.30E-05,238.4255219,1.188596964
2021-11-15,2.015587091,633.048645,63557.87109,0.256529003,44.68871689,4557.503906,1.691723943,5.30E-05,237.5536041,1.171370983
2021-11-16,1.877235055,589.822876,60161.24609,0.237249002,40.89931488,4216.365234,1.562981963,4.80E-05,219.2390289,1.090934038
2021-11-17,1.875540018,578.0927734,60368.01172,0.237487003,42.70829391,4287.59375,1.634735942,4.80E-05,218.7152405,1.096290946
2021-11-18,1.788331032,532.2376099,56942.13672,0.221383005,39.0459671,4000.650879,1.498249054,4.20E-05,195.4874115,1.041954041
2021-11-19,1.864792943,581.5308228,58119.57813,0.233109996,41.26102066,4298.306641,1.617964983,4.90E-05,215.280014,1.091492057
2021-11-20,1.921736002,603.8400269,59697.19531,0.233024001,42.06042862,4409.931152,1.664690971,4.80E-05,218.015274,1.097645998
2021-11-21,1.839763045,585.2942505,58730.47656,0.226328,42.00570679,4269.73291,1.602403045,4.40E-05,231.2826233,1.060173035
2021-11-22,1.776554942,559.1270142,56289.28906,0.219676003,39.44787216,4088.457764,1.558411956,4.30E-05,215.7372742,1.036622047
2021-11-23,1.750502944,591.4395752,57569.07422,0.226512,40.79104233,4340.763672,1.753211021,4.20E-05,221.8368988,1.067057014
2021-11-24,1.686422944,581.3953247,56280.42578,0.221825004,39.3694191,4239.981445,1.680279016,4.00E-05,214.9215393,1.042075038
2021-11-25,1.651345015,603.7302246,57274.67969,0.216325998,38.45594788,4274.743164,1.787088037,4.00E-05,206.2529907,1.031888008
2021-11-26,1.528419971,585.1473389,53569.76563,0.200886995,34.38590622,4030.908936,1.631860971,3.80E-05,191.5117493,0.936349988
2021-11-27,1.546118021,600.336792,54815.07813,0.205347002,35.18669891,4096.912109,1.614040017,3.90E-05,193.1021576,0.947157979
2021-11-28,1.592854977,611.3668213,57248.45703,0.207471997,35.76512146,4294.453613,1.651839972,3.90E-05,200.676651,0.968751013
2021-11-29,1.602507949,624.3100586,57806.56641,0.215175003,37.16265488,4445.10498,1.81782496,4.60E-05,204.3193665,0.991961002
2021-11-30,1.55490303,622.6698608,57005.42578,0.214715004,37.960495,4631.479004,1.785351038,4.70E-05,208.67099,0.998754025
2021-12-01,1.547713041,627.9715576,57229.82813,0.209487006,36.77326584,4586.990234,2.00829792,4.40E-05,229.7992401,0.990930021
2021-12-02,1.715366006,619.4701538,56477.81641,0.209726006,35.75789261,4511.302246,2.127288103,4.20E-05,233.993042,0.972311974
2021-12-03,1.556555033,594.6359863,53598.24609,0.199992999,33.63953018,4220.706055,2.268029928,4.00E-05,211.2243958,0.922244012
2021-12-04,1.420706034,569.0772705,49200.70313,0.178853005,29.36883736,4119.587402,1.980306029,3.70E-05,201.1248322,0.847028971
2021-12-05,1.378105044,557.7830811,49368.84766,0.171255007,28.3101387,4198.322754,2.045602083,3.60E-05,196.1682587,0.805594981
2021-12-06,1.425392985,589.2561646,50582.625,0.178399995,28.24952316,4358.737305,2.279711008,3.70E-05,194.1992188,0.828288019
2021-12-07,1.381940961,579.6898804,50700.08594,0.176805004,30.5438652,4315.061523,2.366476059,3.60E-05,190.5969086,0.818588018
2021-12-08,1.397073984,607.5927734,50504.79688,0.179150999,29.87049866,4439.35791,2.418730021,3.70E-05,194.6217041,0.863306999
2021-12-09,1.290439963,571.6489868,47672.12109,0.169484004,26.95192146,4119.815918,2.09027791,3.50E-05,181.1780853,0.861271977
2021-12-10,1.211688995,552.9668579,47243.30469,0.164422005,26.45391464,3908.496094,2.097673893,3.40E-05,167.954834,0.801096976
2021-12-11,1.354248047,564.3225098,49362.50781,0.169018999,27.77472878,4084.452393,2.132515907,3.40E-05,171.9494934,0.839312971
2021-12-12,1.347282052,570.8239746,50098.33594,0.169891,29.60898018,4134.453125,2.086988926,3.70E-05,173.4316711,0.841323972
2021-12-13,1.225347996,521.0115967,46737.48047,0.157564998,25.97110558,3784.226807,1.820276976,3.30E-05,155.2130585,0.782894015
2021-12-14,1.222834945,511.2293701,46612.63281,0.180157006,26.16841888,3745.44043,1.802768946,3.40E-05,153.3414459,0.796248972
2021-12-15,1.311846972,541.0269775,48896.72266,0.181081995,27.14575958,4018.388672,2.122060061,3.40E-05,178.3407898,0.827431023
2021-12-16,1.240533948,526.246521,47665.42578,0.173454002,26.04307747,3962.469727,2.072689056,3.30E-05,176.9546661,0.806230009
2021-12-17,1.219892025,525.7062988,46202.14453,0.169009998,24.66302681,3879.486572,2.12806797,3.10E-05,175.5032959,0.799291015
2021-12-18,1.242534041,533.8913574,46848.77734,0.172399998,25.49075699,3960.860107,2.231473923,3.10E-05,182.8351288,0.827378988
2021-12-19,1.244660974,529.9720459,46707.01563,0.169576004,24.79140091,3922.592529,2.222235918,3.10E-05,180.098053,0.835033
2021-12-20,1.238240004,523.1624756,46880.27734,0.167321995,24.05067444,3933.844482,2.127742052,3.10E-05,173.6717834,0.879827976
2021-12-21,1.280858994,528.7109985,48936.61328,0.171175003,25.19419479,4020.26001,2.375984907,3.30E-05,180.0925446,0.947646022
2021-12-22,1.328040957,533.6449585,48628.51172,0.173214003,27.21607399,3982.099609,2.501101017,3.50E-05,178.5971222,0.95469898
2021-12-23,1.474691033,548.7258301,50784.53906,0.184489995,29.11109352,4108.015625,2.679162979,3.90E-05,190.0363159,0.993285
2021-12-24,1.392367005,541.9020386,50822.19531,0.186621994,28.13949776,4047.98291,2.467272997,3.60E-05,190.2731934,0.912047029
2021-12-25,1.453495026,547.3262329,50429.85938,0.190657005,28.83775711,4093.281006,2.636827946,3.80E-05,193.1209259,0.924818993
2021-12-26,1.456045032,546.9949951,50809.51563,0.190019995,31.33283615,4067.328125,2.876756907,3.80E-05,198.0007324,0.92118001
2021-12-27,1.512912989,562.6414795,50640.41797,0.187704995,30.90867233,4037.547607,2.725954056,3.90E-05,195.4295044,0.926183999
2021-12-28,1.402263999,534.9280396,47588.85547,0.174116999,27.90710258,3800.893066,2.4982059,3.50E-05,177.4256287,0.852959991
2021-12-29,1.330814004,514.0007935,46444.71094,0.167765006,26.74437332,3628.531738,2.470005989,3.40E-05,170.6575623,0.816713989
2021-12-30,1.360414982,518.909729,47178.125,0.171313003,27.56778908,3713.852051,2.55775094,3.40E-05,172.7511902,0.839649022
2021-12-31,1.310209036,511.708313,46306.44531,0.170496002,26.71967506,3682.632813,2.527107,3.30E-05,170.2990723,0.831162989
