Datetime,BTC,FTT
2022-11-01T00:00:00.000Z,20455.65039,26.04939461
2022-11-01T01:00:00.000Z,20503.41992,26.15462494
2022-11-01T02:00:00.000Z,20561.82813,26.32428741
2022-11-01T03:00:00.000Z,20496.05078,26.24724579
2022-11-01T04:00:00.000Z,20495.89258,26.23844719
2022-11-01T05:00:00.000Z,20535.1582,26.27204704
2022-11-01T06:00:00.000Z,20622.82813,26.35774231
2022-11-01T07:00:00.000Z,20585.64453,26.1974678
2022-11-01T08:00:00.000Z,20587.02539,26.152565
2022-11-01T09:00:00.000Z,20599.18164,26.09836006
2022-11-01T10:00:00.000Z,20634.48438,26.29694748
2022-11-01T11:00:00.000Z,20528.51758,26.10223579
2022-11-01T12:00:00.000Z,20537.11523,26.11107635
2022-11-01T13:00:00.000Z,20426.51563,25.83092499
2022-11-01T14:00:00.000Z,20410.96289,25.68300438
2022-11-01T15:00:00.000Z,20423.36133,25.6722908
2022-11-01T16:00:00.000Z,20413.40039,25.63011932
2022-11-01T17:00:00.000Z,20429.17773,25.74164009
2022-11-01T18:00:00.000Z,20456.89648,25.8351059
2022-11-01T19:00:00.000Z,20447.88281,25.80408859
2022-11-01T20:00:00.000Z,20477.23242,25.83867073
2022-11-01T21:00:00.000Z,20470.03516,25.83444786
2022-11-01T22:00:00.000Z,20469.04492,25.84657288
2022-11-01T23:00:00.000Z,20483.67773,25.87353706
2022-11-02T00:00:00.000Z,20513.04688,25.92782593
2022-11-02T01:00:00.000Z,20506.20508,25.93129539
2022-11-02T02:00:00.000Z,20520.18164,26.0579319
2022-11-02T03:00:00.000Z,20530.33984,26.11771965
2022-11-02T04:00:00.000Z,20524.29297,26.11881447
2022-11-02T05:00:00.000Z,20498.11328,26.03453064
2022-11-02T06:00:00.000Z,20477.1543,25.99513245
2022-11-02T07:00:00.000Z,20431.00586,25.66719437
2022-11-02T08:00:00.000Z,20480.35156,25.72806358
2022-11-02T09:00:00.000Z,20466.33398,25.6090374
2022-11-02T10:00:00.000Z,20410.68945,25.59496689
2022-11-02T11:00:00.000Z,20439.63086,25.64921761
2022-11-02T12:00:00.000Z,20401.21875,25.58883858
2022-11-02T13:00:00.000Z,20403.15039,25.60893059
2022-11-02T14:00:00.000Z,20438.18164,25.69384003
2022-11-02T15:00:00.000Z,20419.88086,25.63548088
2022-11-02T16:00:00.000Z,20496.0293,25.78194237
2022-11-02T17:00:00.000Z,20416.9668,25.58584023
2022-11-02T18:00:00.000Z,20437.77344,25.45207787
2022-11-02T19:00:00.000Z,20272.15039,25.22210121
2022-11-02T20:00:00.000Z,20197.12695,25.04475403
2022-11-02T21:00:00.000Z,20147.65039,25.01622009
2022-11-02T22:00:00.000Z,20102.87305,24.97053146
2022-11-02T23:00:00.000Z,20159.98828,25.03486633
2022-11-03T00:00:00.000Z,20213.94922,25.10049248
2022-11-03T01:00:00.000Z,20313.07813,25.24618721
2022-11-03T02:00:00.000Z,20298.99609,25.1986618
2022-11-03T03:00:00.000Z,20315.51953,25.23028564
2022-11-03T04:00:00.000Z,20357.45313,25.28196907
2022-11-03T05:00:00.000Z,20378.30664,25.24306107
2022-11-03T06:00:00.000Z,20324.16211,25.11659622
2022-11-03T07:00:00.000Z,20304.38672,25.04855919
2022-11-03T08:00:00.000Z,20312.51563,25.00138092
2022-11-03T09:00:00.000Z,20311.58789,24.97940445
2022-11-03T10:00:00.000Z,20279.52148,24.76545906
2022-11-03T11:00:00.000Z,20132.08984,24.50273514
2022-11-03T12:00:00.000Z,20121.35547,24.35181618
2022-11-03T13:00:00.000Z,20129.36719,24.30483627
2022-11-03T14:00:00.000Z,20308.57227,24.56017113
2022-11-03T15:00:00.000Z,20248.94336,24.42014885
2022-11-03T16:00:00.000Z,20308.63867,24.48400307
2022-11-03T17:00:00.000Z,20241.52539,24.40072823
2022-11-03T18:00:00.000Z,20259.09961,24.482584
2022-11-03T19:00:00.000Z,20241.84375,24.5417881
2022-11-03T20:00:00.000Z,20249.89258,24.51622963
2022-11-03T21:00:00.000Z,20269.66992,24.50887871
2022-11-03T22:00:00.000Z,20193.23047,24.37589645
2022-11-03T23:00:00.000Z,20210.49609,24.35788536
2022-11-04T00:00:00.000Z,20282.76953,24.49915123
2022-11-04T01:00:00.000Z,20275.44727,24.40034103
2022-11-04T02:00:00.000Z,20307.82813,24.35908127
2022-11-04T03:00:00.000Z,20325.90625,24.27253723
2022-11-04T04:00:00.000Z,20323.63477,24.32901382
2022-11-04T05:00:00.000Z,20436.29688,24.56640816
2022-11-04T06:00:00.000Z,20608.05664,24.78674507
2022-11-04T07:00:00.000Z,20602.38477,24.7953186
2022-11-04T08:00:00.000Z,20588.85156,24.87154961
2022-11-04T09:00:00.000Z,20579.77734,24.73815918
2022-11-04T10:00:00.000Z,20623.60938,24.80283165
2022-11-04T11:00:00.000Z,20573.64648,24.72684669
2022-11-04T12:00:00.000Z,20672.77539,24.94674301
2022-11-04T13:00:00.000Z,20740.68164,25.02583313
2022-11-04T14:00:00.000Z,21188.98438,25.7386837
2022-11-04T15:00:00.000Z,20921.98633,25.37878418
2022-11-04T16:00:00.000Z,20787.44727,25.35390472
2022-11-04T17:00:00.000Z,20799.79883,25.1909523
2022-11-04T18:00:00.000Z,20986.75781,25.41529274
2022-11-04T19:00:00.000Z,21019.84961,25.38393211
2022-11-04T20:00:00.000Z,21107.32813,25.47383118
2022-11-04T21:00:00.000Z,21164.08984,25.51947021
2022-11-04T22:00:00.000Z,21176.66211,25.53030586
2022-11-04T23:00:00.000Z,21147.58008,25.47232437
2022-11-05T00:00:00.000Z,21382.56836,25.77532578
2022-11-05T01:00:00.000Z,21353.95703,25.67470932
2022-11-05T02:00:00.000Z,21361.73438,25.68584824
2022-11-05T03:00:00.000Z,21427.86719,25.73064613
2022-11-05T04:00:00.000Z,21387.11719,25.68162727
2022-11-05T05:00:00.000Z,21390.77344,25.72273445
2022-11-05T06:00:00.000Z,21398.35156,25.77956772
2022-11-05T07:00:00.000Z,21387.2207,25.75836372
2022-11-05T08:00:00.000Z,21290.23828,25.5569458
2022-11-05T09:00:00.000Z,21273.52734,25.41527557
2022-11-05T10:00:00.000Z,21299.01758,25.50159073
2022-11-05T11:00:00.000Z,21387.06445,25.60145569
2022-11-05T12:00:00.000Z,21312.9043,25.48674202
2022-11-05T13:00:00.000Z,21277.61914,25.39866829
2022-11-05T14:00:00.000Z,21263.72461,25.28661346
2022-11-05T15:00:00.000Z,21309.6582,25.37879944
2022-11-05T16:00:00.000Z,21318.13281,25.49938965
2022-11-05T17:00:00.000Z,21320.30273,24.90742111
2022-11-05T18:00:00.000Z,21278.91406,24.4448204
2022-11-05T19:00:00.000Z,21321.13086,24.58795547
2022-11-05T20:00:00.000Z,21347.35156,24.54008484
2022-11-05T21:00:00.000Z,21328.40234,24.37558937
2022-11-05T22:00:00.000Z,21312.84766,24.38836288
2022-11-05T23:00:00.000Z,21280.40039,24.06155396
2022-11-06T00:00:00.000Z,21318.43164,23.83563614
2022-11-06T01:00:00.000Z,21247.68945,23.58851051
2022-11-06T02:00:00.000Z,21241.75977,23.59532928
2022-11-06T03:00:00.000Z,21236.31445,23.64493179
2022-11-06T04:00:00.000Z,21223.33398,23.56990051
2022-11-06T05:00:00.000Z,21161.20117,23.14173889
2022-11-06T06:00:00.000Z,21166.89844,23.14445877
2022-11-06T07:00:00.000Z,21194.78711,23.08110428
2022-11-06T08:00:00.000Z,21245.59375,23.50748634
2022-11-06T09:00:00.000Z,21238.71289,23.20041466
2022-11-06T10:00:00.000Z,21263.69727,23.01511955
2022-11-06T11:00:00.000Z,21245.32227,22.83091927
2022-11-06T12:00:00.000Z,21230.9043,23.033741
2022-11-06T13:00:00.000Z,21219.15625,23.27996445
2022-11-06T14:00:00.000Z,21228.37109,24.52490807
2022-11-06T15:00:00.000Z,21257.87109,22.13019371
2022-11-06T16:00:00.000Z,21254.96484,23.07893944
2022-11-06T17:00:00.000Z,21247.75391,23.1174469
2022-11-06T18:00:00.000Z,21226.5625,22.65698814
2022-11-06T19:00:00.000Z,21195.93164,22.57744789
2022-11-06T20:00:00.000Z,21201.52344,22.82404518
2022-11-06T21:00:00.000Z,21137.70508,22.59999466
2022-11-06T22:00:00.000Z,21133.81836,22.4892292
2022-11-06T23:00:00.000Z,20920.19141,22.27401352
2022-11-07T00:00:00.000Z,20915.00586,22.1557312
2022-11-07T01:00:00.000Z,20977.70117,22.59698296
2022-11-07T02:00:00.000Z,20991.88281,22.48390388
2022-11-07T03:00:00.000Z,20927.65234,22.20105362
2022-11-07T04:00:00.000Z,20891.7207,22.31637192
2022-11-07T05:00:00.000Z,20869.32813,22.17422676
2022-11-07T06:00:00.000Z,20871.70703,22.00182724
2022-11-07T07:00:00.000Z,20653.39063,22.12467003
2022-11-07T08:00:00.000Z,20720.22656,22.61424065
2022-11-07T09:00:00.000Z,20712.31445,22.46788597
2022-11-07T10:00:00.000Z,20770.13867,22.58787346
2022-11-07T11:00:00.000Z,20744.87109,22.43473244
2022-11-07T12:00:00.000Z,20735.07813,22.55369949
2022-11-07T13:00:00.000Z,20733.45117,22.34039307
2022-11-07T14:00:00.000Z,20669.14844,22.26111794
2022-11-07T15:00:00.000Z,20774.42969,22.8581562
2022-11-07T16:00:00.000Z,20706.92188,22.83359337
2022-11-07T17:00:00.000Z,20709.62109,22.34392357
2022-11-07T18:00:00.000Z,20721.86133,22.28925705
2022-11-07T19:00:00.000Z,20860.35547,22.28973389
2022-11-07T20:00:00.000Z,20819.07227,22.07226753
2022-11-07T21:00:00.000Z,20692.17383,22.06180763
2022-11-07T22:00:00.000Z,20512.20313,22.01904869
2022-11-07T23:00:00.000Z,20600.20703,22.13447952
2022-11-08T00:00:00.000Z,20531.75781,22.01192665
2022-11-08T01:00:00.000Z,20648.94922,22.06328392
2022-11-08T02:00:00.000Z,20536.07617,19.42250061
2022-11-08T03:00:00.000Z,20224.2793,17.91709137
2022-11-08T04:00:00.000Z,19677.07227,16.50902176
2022-11-08T05:00:00.000Z,19725.63086,15.75383568
2022-11-08T06:00:00.000Z,19812.38281,17.14088821
2022-11-08T07:00:00.000Z,19834.58594,18.26954842
2022-11-08T08:00:00.000Z,19753.29102,18.20880127
2022-11-08T09:00:00.000Z,19787.67773,18.20679283
2022-11-08T10:00:00.000Z,19707.36719,17.60597801
2022-11-08T11:00:00.000Z,19706.17969,16.87763786
2022-11-08T12:00:00.000Z,19724.24023,17.18780899
2022-11-08T13:00:00.000Z,19597.375,16.50256538
2022-11-08T14:00:00.000Z,19493.31836,15.15607452
2022-11-08T15:00:00.000Z,19470.23438,14.74318123
2022-11-08T16:00:00.000Z,20425.30078,17.8132267
2022-11-08T17:00:00.000Z,19466.86523,12.51833916
2022-11-08T18:00:00.000Z,18712.83789,7.020144463
2022-11-08T19:00:00.000Z,18372.05469,4.706924915
2022-11-08T20:00:00.000Z,18310.66992,5.249823093
2022-11-08T21:00:00.000Z,18626.44141,6.149228573
2022-11-08T22:00:00.000Z,18508.23047,5.300803661
2022-11-08T23:00:00.000Z,18541.92578,5.483500004
2022-11-09T00:00:00.000Z,18392.99414,5.959429741
2022-11-09T01:00:00.000Z,18363.16602,5.592568874
2022-11-09T02:00:00.000Z,18178.88281,5.05539465
2022-11-09T03:00:00.000Z,18305.08398,5.231638908
2022-11-09T04:00:00.000Z,18237.53125,4.429421902
2022-11-09T05:00:00.000Z,18406.12305,4.53875494
2022-11-09T06:00:00.000Z,18362.74805,4.967581749
2022-11-09T07:00:00.000Z,18266.3418,4.758653164
2022-11-09T08:00:00.000Z,18142.65234,4.728639603
2022-11-09T09:00:00.000Z,17721.56641,4.203548431
2022-11-09T10:00:00.000Z,17729.29883,4.449065208
2022-11-09T11:00:00.000Z,17806.56055,4.894981861
2022-11-09T12:00:00.000Z,17598.82422,4.546875954
2022-11-09T13:00:00.000Z,17602.50391,4.475342751
2022-11-09T14:00:00.000Z,17652.29297,4.69879818
2022-11-09T15:00:00.000Z,17162.44922,4.10472393
2022-11-09T16:00:00.000Z,17139.66797,3.978953838
2022-11-09T17:00:00.000Z,17063.02344,3.727439165
2022-11-09T18:00:00.000Z,16645.79883,3.385329008
2022-11-09T19:00:00.000Z,16809.22461,3.385450602
2022-11-09T20:00:00.000Z,16354.82031,3.109340906
2022-11-09T21:00:00.000Z,15841.77246,2.432238817
2022-11-09T22:00:00.000Z,15968.53809,2.274703264
2022-11-09T23:00:00.000Z,15854.67676,2.297166348
2022-11-10T00:00:00.000Z,16223.94727,2.679592848
2022-11-10T01:00:00.000Z,16166.43262,2.441981792
2022-11-10T02:00:00.000Z,16161.1123,2.412701845
2022-11-10T03:00:00.000Z,16369.8877,2.404275417
2022-11-10T04:00:00.000Z,16454.07422,2.276914597
2022-11-10T05:00:00.000Z,16709.77734,2.41892314
2022-11-10T06:00:00.000Z,16703.70898,2.557430744
2022-11-10T07:00:00.000Z,16701.2832,2.830572367
2022-11-10T08:00:00.000Z,16853.70703,2.849598646
2022-11-10T09:00:00.000Z,16688.41016,2.782611609
2022-11-10T10:00:00.000Z,16386.94531,2.640706301
2022-11-10T11:00:00.000Z,16402.79688,2.789468765
2022-11-10T12:00:00.000Z,16576.30273,2.762024164
2022-11-10T13:00:00.000Z,17568.05664,2.825912952
2022-11-10T14:00:00.000Z,17603.91602,3.451423407
2022-11-10T15:00:00.000Z,17489.99219,3.262723207
2022-11-10T16:00:00.000Z,17797.34766,3.870100021
2022-11-10T17:00:00.000Z,17202.92969,3.528823137
2022-11-10T18:00:00.000Z,17343.73047,3.596123219
2022-11-10T19:00:00.000Z,17445.50586,3.701297045
2022-11-10T20:00:00.000Z,17989.99609,3.712605
2022-11-10T21:00:00.000Z,17808.71094,3.697353125
2022-11-10T22:00:00.000Z,17835.08398,3.529301643
2022-11-10T23:00:00.000Z,17587.78125,3.519334555
2022-11-11T00:00:00.000Z,17562.37305,3.435990334
2022-11-11T01:00:00.000Z,17326.75195,3.033318758
2022-11-11T02:00:00.000Z,17189.20508,2.834180832
2022-11-11T03:00:00.000Z,17050.0918,2.987601519
2022-11-11T04:00:00.000Z,17040.00391,3.037478209
2022-11-11T05:00:00.000Z,17326.36914,3.239859343
2022-11-11T06:00:00.000Z,17271.56055,3.206118345
2022-11-11T07:00:00.000Z,17389.81445,3.294265985
2022-11-11T08:00:00.000Z,17444.38281,3.268475056
2022-11-11T09:00:00.000Z,17381.24219,3.45349288
2022-11-11T10:00:00.000Z,17319.7832,3.458492756
2022-11-11T11:00:00.000Z,17318.92578,3.492586613
2022-11-11T12:00:00.000Z,17377.9082,3.484478712
2022-11-11T13:00:00.000Z,17335.52344,3.396214008
2022-11-11T14:00:00.000Z,16910.93359,2.712147236
2022-11-11T15:00:00.000Z,16860.62891,2.703595161
2022-11-11T16:00:00.000Z,16806.76563,2.814976215
2022-11-11T17:00:00.000Z,16911.98242,2.730471134
2022-11-11T18:00:00.000Z,16839.41406,2.717722654
2022-11-11T19:00:00.000Z,16824.50586,2.745719433
2022-11-11T20:00:00.000Z,16671.89844,2.636782646
2022-11-11T21:00:00.000Z,16788.78711,2.699946165
2022-11-11T22:00:00.000Z,16929.80078,2.660328865
2022-11-11T23:00:00.000Z,17043.01953,2.58999157
2022-11-12T00:00:00.000Z,16878.88672,2.346995115
2022-11-12T01:00:00.000Z,16887.91992,2.441929579
2022-11-12T02:00:00.000Z,16895.06445,2.384556293
2022-11-12T03:00:00.000Z,16882.05078,2.323895454
2022-11-12T04:00:00.000Z,16788.52148,2.121411085
2022-11-12T05:00:00.000Z,16669.85547,1.9826653
2022-11-12T06:00:00.000Z,16760.37109,2.058303118
2022-11-12T07:00:00.000Z,16784.39648,2.269501925
2022-11-12T08:00:00.000Z,16820.14844,2.21966815
2022-11-12T09:00:00.000Z,16847.97461,2.247271299
2022-11-12T10:00:00.000Z,16827.55273,2.096938133
2022-11-12T11:00:00.000Z,16857.51563,2.089243889
2022-11-12T12:00:00.000Z,16842.58398,2.044121265
2022-11-12T13:00:00.000Z,16827.22656,2.051472902
2022-11-12T14:00:00.000Z,16882.21094,2.180647135
2022-11-12T15:00:00.000Z,16917.23438,2.146095037
2022-11-12T16:00:00.000Z,16882.5625,2.090224504
2022-11-12T17:00:00.000Z,16881.66992,2.12101984
2022-11-12T18:00:00.000Z,16855.27539,2.108702183
2022-11-12T19:00:00.000Z,16871,2.094845772
2022-11-12T20:00:00.000Z,16816.02734,2.061048031
2022-11-12T21:00:00.000Z,16814.39453,2.083023071
2022-11-12T22:00:00.000Z,16825.42188,2.17537117
2022-11-12T23:00:00.000Z,16798.87891,2.089066505
2022-11-13T00:00:00.000Z,16842.91406,2.074848413
2022-11-13T01:00:00.000Z,16866.33398,1.991821766
2022-11-13T02:00:00.000Z,16877.49219,1.878815532
2022-11-13T03:00:00.000Z,16915.43359,1.885043383
2022-11-13T04:00:00.000Z,16858.22461,1.892092586
2022-11-13T05:00:00.000Z,16845.42383,1.902291536
2022-11-13T06:00:00.000Z,16704.70313,1.786723256
2022-11-13T07:00:00.000Z,16762.51172,2.084815025
2022-11-13T08:00:00.000Z,16655.33008,1.939818025
2022-11-13T09:00:00.000Z,16542.98828,1.794232607
2022-11-13T10:00:00.000Z,16591.5293,1.880912662
2022-11-13T11:00:00.000Z,16670.53906,1.932528853
2022-11-13T12:00:00.000Z,16630.22656,1.881637931
2022-11-13T13:00:00.000Z,16656.02539,1.82219398
2022-11-13T14:00:00.000Z,16639.70703,1.784944534
2022-11-13T15:00:00.000Z,16565.54297,1.791311622
2022-11-13T16:00:00.000Z,16584.9043,1.74986434
2022-11-13T17:00:00.000Z,16565.76367,1.737865686
2022-11-13T18:00:00.000Z,16504.875,1.619426727
2022-11-13T19:00:00.000Z,16547.20703,1.60202086
2022-11-13T20:00:00.000Z,16478.75,1.526563048
2022-11-13T21:00:00.000Z,16401.07813,1.481568694
2022-11-13T22:00:00.000Z,16443.99023,1.49933064
2022-11-13T23:00:00.000Z,16359.39941,1.489400268
2022-11-14T00:00:00.000Z,16258.98828,1.415394306
2022-11-14T01:00:00.000Z,16096.64258,1.383752346
2022-11-14T02:00:00.000Z,16060.37988,1.335642695
2022-11-14T03:00:00.000Z,16142.71191,1.550131083
2022-11-14T04:00:00.000Z,15965.62793,1.534452081
2022-11-14T05:00:00.000Z,15876.61133,1.576754093
2022-11-14T06:00:00.000Z,16484.33789,1.626656532
2022-11-14T07:00:00.000Z,16788.07813,1.690890312
2022-11-14T08:00:00.000Z,16779.58398,1.486085057
2022-11-14T09:00:00.000Z,16765.71484,1.531137586
2022-11-14T10:00:00.000Z,16788.39453,1.505933404
2022-11-14T11:00:00.000Z,16758.21094,1.481567264
2022-11-14T12:00:00.000Z,16791.79102,1.427006364
2022-11-14T13:00:00.000Z,16770.58984,1.431065798
2022-11-14T14:00:00.000Z,16605.9043,1.437731862
2022-11-14T15:00:00.000Z,16594.16992,1.348071575
2022-11-14T16:00:00.000Z,16460.39258,1.318599701
2022-11-14T17:00:00.000Z,16562.87305,1.28720665
2022-11-14T18:00:00.000Z,16615.50586,1.349263549
2022-11-14T19:00:00.000Z,16297.09473,1.265134454
2022-11-14T20:00:00.000Z,16270.57324,1.260128617
2022-11-14T21:00:00.000Z,16389.07227,1.266471982
2022-11-14T22:00:00.000Z,16417.07813,1.388733268
2022-11-14T23:00:00.000Z,16616.50977,1.471129775
2022-11-15T00:00:00.000Z,16570.0957,1.518483043
2022-11-15T01:00:00.000Z,16721.16602,1.458193064
2022-11-15T02:00:00.000Z,16755.8418,1.423597574
2022-11-15T03:00:00.000Z,16810.09961,1.418943167
2022-11-15T04:00:00.000Z,16762.23633,1.474879265
2022-11-15T05:00:00.000Z,16673.0293,1.455716491
2022-11-15T06:00:00.000Z,16718.61719,1.628810287
2022-11-15T07:00:00.000Z,16835.73438,1.635945797
2022-11-15T08:00:00.000Z,16912.11523,1.865469813
2022-11-15T09:00:00.000Z,16791.08008,1.939659119
2022-11-15T10:00:00.000Z,16848.95508,1.835134745
2022-11-15T11:00:00.000Z,16793.30664,1.798036814
2022-11-15T12:00:00.000Z,16827.83789,1.79036355
2022-11-15T13:00:00.000Z,16945.83789,1.728763103
2022-11-15T14:00:00.000Z,16909.92578,1.767096996
2022-11-15T15:00:00.000Z,16990.51172,1.799310446
2022-11-15T16:00:00.000Z,16975.48242,1.823209286
2022-11-15T17:00:00.000Z,16996.91406,1.903648853
2022-11-15T18:00:00.000Z,16729.01563,1.868267894
2022-11-15T19:00:00.000Z,16830.64063,1.924596071
2022-11-15T20:00:00.000Z,16810.35938,1.838608265
2022-11-15T21:00:00.000Z,16886.02734,1.833626866
2022-11-15T22:00:00.000Z,16883.1875,1.881348848
2022-11-15T23:00:00.000Z,16880.21875,1.836438298
2022-11-16T00:00:00.000Z,16790.12891,1.81812346
2022-11-16T01:00:00.000Z,16839.67578,1.725303888
2022-11-16T02:00:00.000Z,16936.64844,1.789570808
2022-11-16T03:00:00.000Z,16955.92383,1.790515542
2022-11-16T04:00:00.000Z,16905.98633,1.757563949
2022-11-16T05:00:00.000Z,16914.48438,1.736779928
2022-11-16T06:00:00.000Z,16874.29297,1.76973176
2022-11-16T07:00:00.000Z,16847.65234,1.769532084
2022-11-16T08:00:00.000Z,16768.89258,1.724479795
2022-11-16T09:00:00.000Z,16728.41797,1.69755125
2022-11-16T10:00:00.000Z,16720.83789,1.688904166
2022-11-16T11:00:00.000Z,16699.35938,1.685758233
2022-11-16T12:00:00.000Z,16647.3125,1.622050405
2022-11-16T13:00:00.000Z,16520.46094,1.555207372
2022-11-16T14:00:00.000Z,16464.00781,1.540453196
2022-11-16T15:00:00.000Z,16455.72852,1.564877748
2022-11-16T16:00:00.000Z,16521.96875,1.617148876
2022-11-16T17:00:00.000Z,16578.92578,1.613621473
2022-11-16T18:00:00.000Z,16553.92383,1.591508865
2022-11-16T19:00:00.000Z,16554.96289,1.589950562
2022-11-16T20:00:00.000Z,16581.6875,1.571240783
2022-11-16T21:00:00.000Z,16551.39258,1.58013773
2022-11-16T22:00:00.000Z,16598.57227,1.582904696
2022-11-16T23:00:00.000Z,16668.05859,1.624017119
2022-11-17T00:00:00.000Z,16693.38672,1.601655245
2022-11-17T01:00:00.000Z,16693.46484,1.606709123
2022-11-17T02:00:00.000Z,16635.6582,1.62788403
2022-11-17T03:00:00.000Z,16540.38477,1.603769064
2022-11-17T04:00:00.000Z,16505.8457,1.606696367
2022-11-17T05:00:00.000Z,16559.14453,1.650891304
2022-11-17T06:00:00.000Z,16560.64453,1.66150701
2022-11-17T07:00:00.000Z,16600.50977,1.654596567
2022-11-17T08:00:00.000Z,16579.73828,1.606744051
2022-11-17T09:00:00.000Z,16521.35742,1.606344938
2022-11-17T10:00:00.000Z,16535.49219,1.588829637
2022-11-17T11:00:00.000Z,16592.04883,1.609112978
2022-11-17T12:00:00.000Z,16568.94141,1.631604791
2022-11-17T13:00:00.000Z,16497.63672,1.579365134
2022-11-17T14:00:00.000Z,16516.4668,1.599391699
2022-11-17T15:00:00.000Z,16543.76563,1.590214252
2022-11-17T16:00:00.000Z,16647.89648,1.582695484
2022-11-17T17:00:00.000Z,16662.66797,1.575761318
2022-11-17T18:00:00.000Z,16696.67969,1.542530894
2022-11-17T19:00:00.000Z,16636.15234,1.540743232
2022-11-17T20:00:00.000Z,16679.51563,1.535093427
2022-11-17T21:00:00.000Z,16689.94727,1.538158178
2022-11-17T22:00:00.000Z,16708.84375,1.540333629
2022-11-17T23:00:00.000Z,16688.84766,1.560187697
2022-11-18T00:00:00.000Z,16893.78711,1.585577369
2022-11-18T01:00:00.000Z,16863.98047,1.579425216
2022-11-18T02:00:00.000Z,16909.7832,1.580786943
2022-11-18T03:00:00.000Z,16866.5625,1.559934735
2022-11-18T04:00:00.000Z,16818.46484,1.594422698
2022-11-18T05:00:00.000Z,16811.38086,1.578342438
2022-11-18T06:00:00.000Z,16794.40234,1.584593177
2022-11-18T07:00:00.000Z,16750.10547,1.556598425
2022-11-18T08:00:00.000Z,16721.23633,1.543799043
2022-11-18T09:00:00.000Z,16739.07422,1.535864472
2022-11-18T10:00:00.000Z,16760.13867,1.541971564
2022-11-18T11:00:00.000Z,16748.86719,1.543038607
2022-11-18T12:00:00.000Z,16773.01563,1.548314929
2022-11-18T13:00:00.000Z,16752.4082,1.548233628
2022-11-18T14:00:00.000Z,16702.61719,1.539633274
2022-11-18T15:00:00.000Z,16687.56445,1.48673892
2022-11-18T16:00:00.000Z,16654.83398,1.464337468
2022-11-18T17:00:00.000Z,16588.7832,1.438797832
2022-11-18T18:00:00.000Z,16578.49414,1.431999087
2022-11-18T19:00:00.000Z,16615.16797,1.455697179
2022-11-18T20:00:00.000Z,16632.75195,1.448943019
2022-11-18T21:00:00.000Z,16656.72852,1.431690693
2022-11-18T22:00:00.000Z,16655.91602,1.433562398
2022-11-18T23:00:00.000Z,16694.23633,1.458314061
2022-11-19T00:00:00.000Z,16667.73828,1.457583547
2022-11-19T01:00:00.000Z,16658.11523,1.452469945
2022-11-19T02:00:00.000Z,16628.85352,1.424943805
2022-11-19T03:00:00.000Z,16629.60156,1.429564595
2022-11-19T04:00:00.000Z,16628.06641,1.440083742
2022-11-19T05:00:00.000Z,16599.23828,1.447234273
2022-11-19T06:00:00.000Z,16611.89844,1.493795037
2022-11-19T07:00:00.000Z,16602.59961,1.484265208
2022-11-19T08:00:00.000Z,16648.98633,1.470151544
2022-11-19T09:00:00.000Z,16639.98828,1.458266616
2022-11-19T10:00:00.000Z,16637.38867,1.478288054
2022-11-19T11:00:00.000Z,16648.99219,1.462762952
2022-11-19T12:00:00.000Z,16647.5332,1.450188637
2022-11-19T13:00:00.000Z,16649.07617,1.431410789
2022-11-19T14:00:00.000Z,16644.52148,1.435524344
2022-11-19T15:00:00.000Z,16657.30859,1.43165195
2022-11-19T16:00:00.000Z,16657.80273,1.427355647
2022-11-19T17:00:00.000Z,16619.70898,1.403650403
2022-11-19T18:00:00.000Z,16628.95313,1.413659811
2022-11-19T19:00:00.000Z,16625.30664,1.402857304
2022-11-19T20:00:00.000Z,16641.09766,1.404285431
2022-11-19T21:00:00.000Z,16670.4668,1.403552651
2022-11-19T22:00:00.000Z,16742.03125,1.42303586
2022-11-19T23:00:00.000Z,16712.89258,1.418186426
2022-11-20T00:00:00.000Z,16728.82031,1.405792952
2022-11-20T01:00:00.000Z,16704.00391,1.438211441
2022-11-20T02:00:00.000Z,16692.92773,1.474320292
2022-11-20T03:00:00.000Z,16686.28711,1.506713152
2022-11-20T04:00:00.000Z,16687.39453,1.491716743
2022-11-20T05:00:00.000Z,16693.35742,1.475157142
2022-11-20T06:00:00.000Z,16686.88867,1.45043242
2022-11-20T07:00:00.000Z,16710.20117,1.435911179
2022-11-20T08:00:00.000Z,16616.18555,1.413206816
2022-11-20T09:00:00.000Z,16634.98828,1.414403439
2022-11-20T10:00:00.000Z,16628.56445,1.395522237
2022-11-20T11:00:00.000Z,16543.83789,1.377129912
2022-11-20T12:00:00.000Z,16532.83984,1.395930648
2022-11-20T13:00:00.000Z,16579.81836,1.416083932
2022-11-20T14:00:00.000Z,16553.11133,1.385495543
2022-11-20T15:00:00.000Z,16577.25,1.385130763
2022-11-20T16:00:00.000Z,16579.63477,1.37896359
2022-11-20T17:00:00.000Z,16552.39648,1.415714025
2022-11-20T18:00:00.000Z,16572.48828,1.420531034
2022-11-20T19:00:00.000Z,16583.13086,1.404566288
2022-11-20T20:00:00.000Z,16527.4043,1.426894307
2022-11-20T21:00:00.000Z,16275.54004,1.370765805
2022-11-20T22:00:00.000Z,16305.73926,1.354655504
2022-11-20T23:00:00.000Z,16296.05957,1.338955998
2022-11-21T00:00:00.000Z,16264.16699,1.295484781
2022-11-21T01:00:00.000Z,16228.93555,1.294523597
2022-11-21T02:00:00.000Z,16016.51172,1.27572
2022-11-21T03:00:00.000Z,16063.40723,1.296662331
2022-11-21T04:00:00.000Z,16145.53516,1.295501113
2022-11-21T05:00:00.000Z,16208.32617,1.298626304
2022-11-21T06:00:00.000Z,16118.91309,1.278539062
2022-11-21T07:00:00.000Z,16033.7373,1.273641348
2022-11-21T08:00:00.000Z,16020.90625,1.271000624
2022-11-21T09:00:00.000Z,16106.25879,1.27931416
2022-11-21T10:00:00.000Z,16123.72852,1.296745539
2022-11-21T11:00:00.000Z,16083.77148,1.28867209
2022-11-21T12:00:00.000Z,16095.66211,1.316780329
2022-11-21T13:00:00.000Z,16156.30078,1.322051048
2022-11-21T14:00:00.000Z,16173.24023,1.320339203
2022-11-21T15:00:00.000Z,16131.82422,1.300238729
2022-11-21T16:00:00.000Z,16038.96582,1.286676049
2022-11-21T17:00:00.000Z,16027.58789,1.305001616
2022-11-21T18:00:00.000Z,15987.53906,1.282437325
2022-11-21T19:00:00.000Z,15698.93945,1.266890764
2022-11-21T20:00:00.000Z,15821.24805,1.267551422
2022-11-21T21:00:00.000Z,15652.8291,1.259023547
2022-11-21T22:00:00.000Z,15745.25391,1.265741587
2022-11-21T23:00:00.000Z,15782.84863,1.255140185
2022-11-22T00:00:00.000Z,15871.22363,1.274423957
2022-11-22T01:00:00.000Z,15807.78711,1.264247298
2022-11-22T02:00:00.000Z,15843.77539,1.291914821
2022-11-22T03:00:00.000Z,15847.42773,1.28476131
2022-11-22T04:00:00.000Z,15812.13965,1.312457681
2022-11-22T05:00:00.000Z,15811.85742,1.282157898
2022-11-22T06:00:00.000Z,15693.73633,1.266296387
2022-11-22T07:00:00.000Z,15751.01855,1.267201304
