Date,BTC,PAXG
2019-12-12,7243.134277,1486.384033
2019-12-13,7269.68457,1458.177612
2019-12-14,7124.673828,1489.392456
2019-12-15,7152.301758,1485.790161
2019-12-16,6932.480469,1488.536255
2019-12-17,6640.515137,1463.868896
2019-12-18,7276.802734,1471.60144
2019-12-19,7202.844238,1480.810791
2019-12-20,7218.816406,1474.978638
2019-12-21,7191.158691,1476.230103
2019-12-22,7511.588867,1486.888062
2019-12-23,7355.628418,1470.934448
2019-12-24,7322.532227,1483.790405
2019-12-25,7275.155762,1489.571655
2019-12-26,7238.966797,1480.01355
2019-12-27,7290.088379,1524.727173
2019-12-28,7317.990234,1514.853638
2019-12-29,7422.652832,1536.425171
2019-12-30,7292.995117,1540.394775
2019-12-31,7193.599121,1532.916382
2020-01-01,7200.174316,1528.142334
2020-01-02,6985.470215,1525.200195
2020-01-03,7344.884277,1537.159546
2020-01-04,7410.656738,1546.680542
2020-01-05,7411.317383,1547.752563
2020-01-06,7769.219238,1539.739624
2020-01-07,8163.692383,1538.278687
2020-01-08,8079.862793,1575.60144
2020-01-09,7879.071289,1567.36853
2020-01-10,8166.554199,1514.934814
2020-01-11,8037.537598,1520.12439
2020-01-12,8192.494141,1523.797363
2020-01-13,8144.194336,1527.764526
2020-01-14,8827.764648,1568.980347
2020-01-15,8807.010742,1521.476196
2020-01-16,8723.786133,1515.410645
2020-01-17,8929.038086,1589.678589
2020-01-18,8942.808594,1592.042847
2020-01-19,8706.245117,1583.708008
2020-01-20,8657.642578,1592.106323
2020-01-21,8745.894531,1583.84436
2020-01-22,8680.875977,1578.75647
2020-01-23,8406.515625,1583.282471
2020-01-24,8445.43457,1589.523071
2020-01-25,8367.847656,1587.393433
2020-01-26,8596.830078,1591.157104
2020-01-27,8909.819336,1591.45459
2020-01-28,9358.589844,1588.904907
2020-01-29,9316.629883,1591.641479
2020-01-30,9508.993164,1592.78894
2020-01-31,9350.529297,1596.103516
2020-02-01,9392.875,1594.583008
2020-02-02,9344.365234,1605.800903
2020-02-03,9293.521484,1603.106445
2020-02-04,9180.962891,1595.623413
2020-02-05,9613.423828,1611.886597
2020-02-06,9729.801758,1572.948364
2020-02-07,9795.943359,1575.113525
2020-02-08,9865.119141,1570.333862
2020-02-09,10116.67383,1601.422852
2020-02-10,9856.611328,1584.070313
2020-02-11,10208.23633,1583.150757
2020-02-12,10326.05469,1591.223145
2020-02-13,10214.37988,1587.866821
2020-02-14,10312.11621,1593.389038
2020-02-15,9889.424805,1590.356323
2020-02-16,9934.433594,1588.894775
2020-02-17,9690.142578,1590.639038
2020-02-18,10141.99609,1540.744629
2020-02-19,9633.386719,1539.957886
2020-02-20,9608.475586,1552.895874
2020-02-21,9686.441406,1584.844238
2020-02-22,9663.181641,1586.36731
2020-02-23,9924.515625,1638.931152
2020-02-24,9650.174805,1666.601563
2020-02-25,9341.705078,1655.569214
2020-02-26,8820.522461,1663.573364
2020-02-27,8784.494141,1679.141968
2020-02-28,8672.455078,1619.408447
2020-02-29,8599.508789,1621.632813
2020-03-01,8562.454102,1610.022949
2020-03-02,8869.669922,1615.334229
2020-03-03,8787.786133,1643.995728
2020-03-04,8755.246094,1641.425659
2020-03-05,9078.762695,1644.90271
2020-03-06,9122.545898,1656.56897
2020-03-07,8909.954102,1665.389771
2020-03-08,8108.116211,1678.58728
2020-03-09,7923.644531,1630.663818
2020-03-10,7909.729492,1635.749146
2020-03-11,7911.430176,1645.137695
2020-03-12,4970.788086,1606.336548
2020-03-13,5563.707031,1587.811035
2020-03-14,5200.366211,1558.69519
2020-03-15,5392.314941,1578.443237
2020-03-16,5014.47998,1547.879517
2020-03-17,5225.629395,1543.072266
2020-03-18,5238.438477,1513.48938
2020-03-19,6191.192871,1549.285645
2020-03-20,6198.77832,1524.383423
2020-03-21,6185.066406,1574.307861
2020-03-22,5830.254883,1532.936523
2020-03-23,6416.314941,1598.807739
2020-03-24,6734.803711,1654.797363
2020-03-25,6681.062988,1627.019531
2020-03-26,6716.44043,1697.147217
2020-03-27,6469.79834,1644.773438
2020-03-28,6242.193848,1650.326782
2020-03-29,5922.042969,1660.165894
2020-03-30,6429.841797,1654.207886
2020-03-31,6438.644531,1644.36499
2020-04-01,6606.776367,1629.561157
2020-04-02,6793.624512,1738.367432
2020-04-03,6733.387207,1733.380859
2020-04-04,6867.527344,1766.837769
2020-04-05,6791.129395,1733.605469
2020-04-06,7271.78125,1769.737549
2020-04-07,7176.414551,1637.374634
2020-04-08,7334.098633,1661.374023
2020-04-09,7302.089355,1664.069214
2020-04-10,6865.493164,1686.550293
2020-04-11,6859.083008,1686.738159
2020-04-12,6971.091797,1696.128662
2020-04-13,6845.037598,1705.874146
2020-04-14,6842.427734,1779.068848
2020-04-15,6642.109863,1736.567627
2020-04-16,7116.804199,1734.836548
2020-04-17,7096.18457,1731.806274
2020-04-18,7257.665039,1697.546753
2020-04-19,7189.424805,1709.983276
2020-04-20,6881.958496,1724.007324
2020-04-21,6880.323242,1721.205322
2020-04-22,7117.20752,1707.268433
2020-04-23,7429.724609,1722.895264
2020-04-24,7550.900879,1740.256226
2020-04-25,7569.936035,1747.778198
2020-04-26,7679.867188,1739.625732
2020-04-27,7795.601074,1722.461914
2020-04-28,7807.058594,1726.50769
2020-04-29,8801.038086,1739.495972
2020-04-30,8658.553711,1697.923096
2020-05-01,8864.766602,1741.493652
2020-05-02,8988.59668,1719.19873
2020-05-03,8897.46875,1706.999268
2020-05-04,8912.654297,1716.022461
2020-05-05,9003.070313,1696.59082
2020-05-06,9268.761719,1696.015625
2020-05-07,9951.518555,1706.032715
2020-05-08,9842.666016,1730.704224
2020-05-09,9593.896484,1712.854248
2020-05-10,8756.430664,1714.517334
2020-05-11,8601.795898,1699.556274
2020-05-12,8804.477539,1705.512451
2020-05-13,9269.987305,1717.175659
2020-05-14,9733.72168,1732.393066
2020-05-15,9328.197266,1735.514038
2020-05-16,9377.013672,1753.415405
2020-05-17,9670.739258,1764.334839
2020-05-18,9726.575195,1743.79895
2020-05-19,9729.038086,1764.936768
2020-05-20,9522.981445,1776.000732
2020-05-21,9081.761719,1748.476196
2020-05-22,9182.577148,1745.83728
2020-05-23,9209.287109,1742.186279
2020-05-24,8790.368164,1734.583984
2020-05-25,8906.93457,1727.144897
2020-05-26,8835.052734,1719.286743
2020-05-27,9181.017578,1712.977417
2020-05-28,9525.750977,1737.748413
2020-05-29,9439.124023,1746.740234
2020-05-30,9700.414063,1738.202148
2020-05-31,9461.058594,1749.810059
2020-06-01,10167.26855,1735.578003
2020-06-02,9529.803711,1726.568604
2020-06-03,9656.717773,1701.725464
2020-06-04,9800.636719,1719.589355
2020-06-05,9665.533203,1703.393433
2020-06-06,9653.679688,1689.400269
2020-06-07,9758.852539,1687.186401
2020-06-08,9771.489258,1697.67981
2020-06-09,9795.700195,1717.29187
2020-06-10,9870.094727,1733.497803
2020-06-11,9321.78125,1722.068481
2020-06-12,9480.84375,1704.484863
2020-06-13,9475.277344,1711.333496
2020-06-14,9386.788086,1715.399536
2020-06-15,9450.702148,1787.959839
2020-06-16,9538.024414,1793.951782
2020-06-17,9480.254883,1734.546387
2020-06-18,9411.84082,1748.523315
2020-06-19,9288.018555,1784.726929
2020-06-20,9332.34082,1763.038574
2020-06-21,9303.629883,1775.97168
2020-06-22,9648.717773,1774.884033
2020-06-23,9629.658203,1766.119141
2020-06-24,9313.610352,1761.791382
2020-06-25,9264.813477,1769.985107
2020-06-26,9162.917969,1774.238403
2020-06-27,9045.390625,1774.192505
2020-06-28,9143.582031,1812.990479
2020-06-29,9190.854492,1794.947754
2020-06-30,9137.993164,1790.047485
2020-07-01,9228.325195,1786.105347
2020-07-02,9123.410156,1796.786255
2020-07-03,9087.303711,1789.0177
2020-07-04,9132.488281,1780.854492
2020-07-05,9073.942383,1776.290649
2020-07-06,9375.474609,1795.259033
2020-07-07,9252.277344,1787.267944
2020-07-08,9428.333008,1806.709106
2020-07-09,9277.967773,1783.148804
2020-07-10,9278.807617,1801.598145
2020-07-11,9240.34668,1802.802124
2020-07-12,9276.5,1799.757568
2020-07-13,9243.614258,1811.619629
2020-07-14,9243.213867,1814.885132
2020-07-15,9192.836914,1801.78064
2020-07-16,9132.227539,1806.087402
2020-07-17,9151.392578,1808.631958
2020-07-18,9159.040039,1809.418579
2020-07-19,9185.817383,1815.486938
2020-07-20,9164.231445,1816.964722
2020-07-21,9374.887695,1845.795898
2020-07-22,9525.363281,1873.582642
2020-07-23,9581.072266,1885.545166
2020-07-24,9536.892578,1903.240234
2020-07-25,9677.113281,1900.342651
2020-07-26,9905.166992,1903.148315
2020-07-27,10990.87305,1956.661743
2020-07-28,10912.82324,1966.05835
2020-07-29,11100.46777,1979.978638
2020-07-30,11111.21387,1967.446777
2020-07-31,11323.4668,1986.943604
2020-08-01,11759.59277,1974.844971
2020-08-02,11053.61426,1985.152344
2020-08-03,11246.34863,1984.571777
2020-08-04,11205.89258,2035.794067
2020-08-05,11747.02246,2049.333008
2020-08-06,11779.77344,2083.294189
2020-08-07,11601.47266,2057.492676
2020-08-08,11754.0459,2040.971069
2020-08-09,11675.73926,2034.022705
2020-08-10,11878.11133,2043.313599
2020-08-11,11410.52539,1958.17041
2020-08-12,11584.93457,1943.293823
2020-08-13,11784.1377,1970.71582
2020-08-14,11768.87109,1958.382324
2020-08-15,11865.69824,1944.240356
2020-08-16,11892.80371,1957.178589
2020-08-17,12254.40234,1992.56189
2020-08-18,11991.2334,2026.840942
2020-08-19,11758.2832,1945.404419
2020-08-20,11878.37207,1961.816772
2020-08-21,11592.48926,1952.874512
2020-08-22,11681.8252,1947.046509
2020-08-23,11664.84766,1940.296997
2020-08-24,11774.5957,1933.931763
2020-08-25,11366.13477,1951.787598
2020-08-26,11488.36328,1958.833008
2020-08-27,11323.39746,1937.405518
2020-08-28,11542.5,1969.730835
2020-08-29,11506.86523,1963.703491
2020-08-30,11711.50586,1973.491211
2020-08-31,11680.82031,1969.627075
2020-09-01,11970.47852,1977.476563
2020-09-02,11414.03418,1947.086426
2020-09-03,10245.29688,1928.309692
2020-09-04,10511.81348,1946.859619
2020-09-05,10169.56738,1954.191162
2020-09-06,10280.35156,1931.65979
2020-09-07,10369.56348,1936.160889
2020-09-08,10131.5166,1927.848877
2020-09-09,10242.34766,1944.781372
2020-09-10,10363.13867,1947.245972
2020-09-11,10400.91504,1942.314331
2020-09-12,10442.1709,1935.687988
2020-09-13,10323.75586,1939.899902
2020-09-14,10680.83789,1953.260376
2020-09-15,10796.95117,1950.148926
2020-09-16,10974.90527,1969.706055
2020-09-17,10948.99023,1947.38855
2020-09-18,10944.58594,1952.673096
2020-09-19,11094.34668,1962.277344
2020-09-20,10938.27148,1960.280884
2020-09-21,10462.25977,1915.602051
2020-09-22,10538.45996,1909.264282
2020-09-23,10246.18652,1862.442505
2020-09-24,10760.06641,1877.414917
2020-09-25,10692.7168,1876.21814
2020-09-26,10750.72363,1858.099609
2020-09-27,10775.26953,1861.78064
2020-09-28,10709.65234,1878.285889
2020-09-29,10844.64063,1897.475098
2020-09-30,10784.49121,1880.542236
2020-10-01,10619.45215,1892.112793
2020-10-02,10575.97461,1902.681763
2020-10-03,10549.3291,1900.844971
2020-10-04,10669.58301,1890.697021
2020-10-05,10793.33984,1915.914551
2020-10-06,10604.40625,1879.144043
2020-10-07,10668.96875,1887.399414
2020-10-08,10915.68555,1894.9646
2020-10-09,11064.45801,1931.833008
2020-10-10,11296.36133,1925.088745
2020-10-11,11384.18164,1927.828125
2020-10-12,11555.36328,1918.318237
2020-10-13,11425.89941,1897.145752
2020-10-14,11429.50684,1901.294067
2020-10-15,11495.34961,1904.941528
2020-10-16,11322.12305,1900.570068
2020-10-17,11358.10156,1893.390381
2020-10-18,11483.35938,1896.732788
2020-10-19,11742.03711,1900.39978
2020-10-20,11916.33496,1901.940063
2020-10-21,12823.68945,1923.862427
2020-10-22,12965.8916,1907.098022
2020-10-23,12931.53906,1910.289917
2020-10-24,13108.0625,1914.435181
2020-10-25,13031.17383,1908.356689
2020-10-26,13075.24805,1903.130249
2020-10-27,13654.21875,1905.932739
2020-10-28,13271.28516,1892.295776
2020-10-29,13437.88281,1887.814087
2020-10-30,13546.52246,1897.5177
2020-10-31,13780.99512,1898.77771
2020-11-01,13737.10938,1895.979736
2020-11-02,13550.48926,1903.820679
2020-11-03,13950.30078,1917.476563
2020-11-04,14133.70703,1917.273315
2020-11-05,15579.84863,1958.821655
2020-11-06,15565.88086,1960.812256
2020-11-07,14833.75391,1955.045532
2020-11-08,15479.56738,1962.529053
2020-11-09,15332.31543,1875.279663
2020-11-10,15290.90234,1883.265991
2020-11-11,15701.33984,1871.670654
2020-11-12,16276.34375,1895.3302
2020-11-13,16317.80859,1894.07373
2020-11-14,16068.13867,1899.93457
2020-11-15,15955.58789,1889.811157
2020-11-16,16716.11133,1894.793335
2020-11-17,17645.40625,1885.261841
2020-11-18,17804.00586,1877.924194
2020-11-19,17817.08984,1860.756226
2020-11-20,18621.31445,1873.026611
2020-11-21,18642.23242,1874.731812
2020-11-22,18370.00195,1868.275635
2020-11-23,18364.12109,1845.346191
2020-11-24,19107.46484,1815.052734
2020-11-25,18732.12109,1815.046631
2020-11-26,17150.62305,1817.114868
2020-11-27,17108.40234,1798.183716
2020-11-28,17717.41406,1791.043457
2020-11-29,18177.48438,1787.339111
2020-11-30,19625.83594,1788.481445
2020-12-01,18802.99805,1818.847656
2020-12-02,19201.0918,1825.733276
2020-12-03,19445.39844,1841.996582
2020-12-04,18699.76563,1823.175049
2020-12-05,19154.23047,1831.317139
2020-12-06,19345.12109,1829.627197
2020-12-07,19191.63086,1865.852539
2020-12-08,18321.14453,1863.561401
2020-12-09,18553.91602,1839.880737
2020-12-10,18264.99219,1829.250366
2020-12-11,18058.9043,1827.638916
2020-12-12,18803.65625,1826.510742
2020-12-13,19142.38281,1833.974854
2020-12-14,19246.64453,1827.468628
2020-12-15,19417.07617,1844.288452
2020-12-16,21310.59766,1860.12854
2020-12-17,22805.16211,1898.01709
2020-12-18,23137.96094,1892.739868
2020-12-19,23869.83203,1886.487061
2020-12-20,23477.29492,1888.644531
2020-12-21,22803.08203,1889.79541
2020-12-22,23783.0293,1880.693726
2020-12-23,23241.3457,1876.490845
2020-12-24,23735.94922,1890.6604
2020-12-25,24664.79102,1898.064087
2020-12-26,26437.03711,1911.661133
2020-12-27,26272.29492,1926.606567
2020-12-28,27084.80859,1909.008179
2020-12-29,27362.4375,1901.133667
2020-12-30,28840.95313,1916.713257
2020-12-31,29001.7207,1930.472778
2021-01-01,29374.15234,1928.350708
2021-01-02,32127.26758,1960.474365
2021-01-03,32782.02344,1961.231445
2021-01-04,31971.91406,1997.985229
2021-01-05,33992.42969,2020.681396
2021-01-06,36824.36328,1962.541748
2021-01-07,39371.04297,1953.222534
2021-01-08,40797.60938,1875.866333
2021-01-09,40254.54688,1883.228516
2021-01-10,38356.44141,1873.082153
2021-01-11,35566.65625,1861.588379
2021-01-12,33922.96094,1865.882813
2021-01-13,37316.35938,1857.845581
2021-01-14,39187.32813,1867.115601
2021-01-15,36825.36719,1835.156128
2021-01-16,36178.14063,1844.673706
2021-01-17,35791.27734,1836.578369
2021-01-18,36630.07422,1852.851685
2021-01-19,36069.80469,1849.832275
2021-01-20,35547.75,1884.709595
2021-01-21,30825.69922,1883.850708
2021-01-22,33005.76172,1864.253174
2021-01-23,32067.64258,1866.473022
2021-01-24,32289.37891,1859.470215
2021-01-25,32366.39258,1860.490601
2021-01-26,32569.84961,1864.595215
2021-01-27,30432.54688,1848.29248
2021-01-28,33466.09766,1853.601929
2021-01-29,34316.38672,1867.678589
2021-01-30,34269.52344,1866.651489
2021-01-31,33114.35938,1873.111816
2021-02-01,33537.17578,1866.34082
2021-02-02,35510.28906,1852.437134
2021-02-03,37472.08984,1849.331909
2021-02-04,36926.06641,1810.671021
2021-02-05,38144.30859,1833.049805
2021-02-06,39266.01172,1836.380493
2021-02-07,38903.44141,1839.489014
2021-02-08,46196.46484,1848.337769
2021-02-09,46481.10547,1853.686157
2021-02-10,44918.18359,1856.936646
2021-02-11,47909.33203,1838.13562
2021-02-12,47504.85156,1844.084106
2021-02-13,47105.51563,1848.615967
2021-02-14,48717.28906,1844.083252
2021-02-15,47945.05859,1833.849609
2021-02-16,49199.87109,1817.923706
2021-02-17,52149.00781,1798.081665
2021-02-18,51679.79688,1789.232178
2021-02-19,55888.13281,1808.035034
2021-02-20,56099.51953,1815.805664
2021-02-21,57539.94531,1818.622437
2021-02-22,54207.32031,1825.998779
2021-02-23,48824.42578,1820.923462
2021-02-24,49705.33203,1813.367554
2021-02-25,47093.85156,1769.996338
2021-02-26,46339.76172,1749.246948
2021-02-27,46188.45313,1752.509033
2021-02-28,45137.76953,1747.422729
2021-03-01,49631.24219,1728.692993
2021-03-02,48378.98828,1751.131226
2021-03-03,50538.24219,1721.028687
2021-03-04,48561.16797,1707.14978
2021-03-05,48927.30469,1711.907349
2021-03-06,48912.38281,1716.711182
2021-03-07,51206.69141,1720.868286
2021-03-08,52246.52344,1704.699463
2021-03-09,54824.11719,1729.251587
2021-03-10,56008.55078,1739.761719
2021-03-11,57805.12109,1743.667236
2021-03-12,57332.08984,1739.861206
2021-03-13,61243.08594,1744.158447
2021-03-14,59302.31641,1737.068604
2021-03-15,55907.19922,1735.020264
2021-03-16,56804.90234,1743.329102
2021-03-17,58870.89453,1758.459717
2021-03-18,57858.92188,1744.928101
2021-03-19,58346.65234,1763.485718
2021-03-20,58313.64453,1763.453857
2021-03-21,57523.42188,1748.865479
2021-03-22,54529.14453,1748.445435
2021-03-23,54738.94531,1742.188965
2021-03-24,52774.26563,1742.777222
2021-03-25,51704.16016,1732.340942
2021-03-26,55137.3125,1744.706299
2021-03-27,55973.51172,1735.288574
2021-03-28,55950.74609,1749.478271
2021-03-29,57750.19922,1725.286499
2021-03-30,58917.69141,1702.0271
2021-03-31,58918.83203,1716.322754
2021-04-01,59095.80859,1742.772949
2021-04-02,59384.3125,1742.838867
2021-04-03,57603.89063,1743.192017
2021-04-04,58758.55469,1755.434448
2021-04-05,59057.87891,1743.89978
2021-04-06,58192.35938,1759.202515
2021-04-07,56048.9375,1758.219238
2021-04-08,58323.95313,1774.323853
2021-04-09,58245.00391,1753.650146
2021-04-10,59793.23438,1756.067749
2021-04-11,60204.96484,1760.438599
2021-04-12,59893.45313,1747.047485
2021-04-13,63503.45703,1749.950195
2021-04-14,63109.69531,1753.259888
2021-04-15,63314.01172,1772.266968
2021-04-16,61572.78906,1791.919678
2021-04-17,60683.82031,1810.123291
2021-04-18,56216.18359,1799.03772
2021-04-19,55724.26563,1782.943115
2021-04-20,56473.03125,1789.646973
2021-04-21,53906.08984,1815.226196
2021-04-22,51762.27344,1796.740723
2021-04-23,51093.65234,1803.718384
2021-04-24,50050.86719,1788.917358
2021-04-25,49004.25391,1782.609009
2021-04-26,54021.75391,1794.08606
2021-04-27,55033.11719,1791.416748
2021-04-28,54824.70313,1797.790039
2021-04-29,53555.10938,1786.897339
2021-04-30,57750.17578,1785.073242
2021-05-01,57828.05078,1790.326538
2021-05-02,56631.07813,1784.737915
2021-05-03,57200.29297,1801.700928
2021-05-04,53333.53906,1785.778564
2021-05-05,57424.00781,1799.232422
2021-05-06,56396.51563,1839.227051
2021-05-07,57356.40234,1856.898682
2021-05-08,58803.77734,1863.476685
2021-05-09,58232.31641,1891.490234
2021-05-10,55859.79688,1879.342041
2021-05-11,56704.57422,1861.775269
2021-05-12,49150.53516,1829.009888
2021-05-13,49716.19141,1862.187866
2021-05-14,49880.53516,1869.825195
2021-05-15,46760.1875,1882.572021
2021-05-16,46456.05859,1948.342407
2021-05-17,43537.51172,1894.62915
2021-05-18,42909.40234,1878.786499
2021-05-19,37002.44141,1874.397949
2021-05-20,40782.73828,1888.310669
2021-05-21,37304.69141,1904.620728
2021-05-22,37536.63281,1905.878784
2021-05-23,34770.58203,1895.643311
2021-05-24,38705.98047,1882.655396
2021-05-25,38402.22266,1903.53894
2021-05-26,39294.19922,1905.419556
2021-05-27,38436.96875,1903.944702
2021-05-28,35697.60547,1919.745483
2021-05-29,34616.06641,1933.510742
2021-05-30,35678.12891,1914.849731
2021-05-31,37332.85547,1919.001953
2021-06-01,36684.92578,1909.972534
2021-06-02,37575.17969,1912.676392
2021-06-03,39208.76563,1878.759766
2021-06-04,36894.40625,1904.272705
2021-06-05,35551.95703,1901.097534
2021-06-06,35862.37891,1900.193115
2021-06-07,33560.70703,1899.592285
2021-06-08,33472.63281,1895.142212
2021-06-09,37345.12109,1894.119507
2021-06-10,36702.59766,1900.44873
2021-06-11,37334.39844,1886.401489
2021-06-12,35552.51563,1891.893188
2021-06-13,39097.85938,1880.4729
2021-06-14,40218.47656,1907.740234
2021-06-15,40406.26953,1884.215576
2021-06-16,38347.0625,1824.793335
2021-06-17,38053.50391,1792.12439
2021-06-18,35787.24609,1777.247437
2021-06-19,35615.87109,1774.219727
2021-06-20,35698.29688,1780.114258
2021-06-21,31676.69336,1785.34729
2021-06-22,32505.66016,1781.724976
2021-06-23,33723.02734,1791.829102
2021-06-24,34662.4375,1777.627808
2021-06-25,31637.7793,1778.208984
2021-06-26,32186.27734,1782.424072
2021-06-27,34649.64453,1791.397827
2021-06-28,34434.33594,1785.680786
2021-06-29,35867.77734,1767.572754
2021-06-30,35040.83594,1777.649658
2021-07-01,33572.11719,1777.287354
2021-07-02,33897.04688,1792.817139
2021-07-03,34668.54688,1793.237061
2021-07-04,35287.78125,1794.282104
2021-07-05,33746.00391,1793.377075
2021-07-06,34235.19531,1800.387329
2021-07-07,33855.32813,1806.795166
2021-07-08,32877.37109,1812.387817
2021-07-09,33798.01172,1815.319092
2021-07-10,33520.51953,1810.311279
2021-07-11,34240.1875,1812.149048
2021-07-12,33155.84766,1809.264771
2021-07-13,32702.02539,1811.884888
2021-07-14,32822.34766,1832.21167
2021-07-15,31780.73047,1833.698242
2021-07-16,31421.53906,1813.020264
2021-07-17,31533.06836,1814.796631
2021-07-18,31796.81055,1819.119751
2021-07-19,30817.83203,1818.741455
2021-07-20,29807.34766,1810.378906
2021-07-21,32110.69336,1807.655518
2021-07-22,32313.10547,1807.790894
2021-07-23,33581.55078,1812.447876
2021-07-24,34292.44531,1814.719116
2021-07-25,35350.1875,1811.108398
2021-07-26,37337.53516,1803.323364
2021-07-27,39406.94141,1809.428955
2021-07-28,39995.90625,1812.750977
2021-07-29,40008.42188,1835.003906
2021-07-30,42235.54688,1824.856445
2021-07-31,41626.19531,1820.981567
2021-08-01,39974.89453,1815.259155
2021-08-02,39201.94531,1819.393188
2021-08-03,38152.98047,1813.193481
2021-08-04,39747.50391,1817.725708
2021-08-05,40869.55469,1808.239136
2021-08-06,42816.5,1772.156616
2021-08-07,44555.80078,1775.024414
2021-08-08,43798.11719,1730.069824
2021-08-09,46365.40234,1742.055054
2021-08-10,45585.03125,1738.488403
2021-08-11,45593.63672,1757.623535
2021-08-12,44428.28906,1759.498047
2021-08-13,47793.32031,1784.143677
2021-08-14,47096.94531,1777.249756
2021-08-15,47047.00391,1780.381226
2021-08-16,46004.48438,1792.143921
2021-08-17,44695.35938,1786.038086
2021-08-18,44801.1875,1790.804565
2021-08-19,46717.57813,1781.850708
2021-08-20,49339.17578,1785.816284
2021-08-21,48905.49219,1787.724609
2021-08-22,49321.65234,1783.305298
2021-08-23,49546.14844,1807.399292
2021-08-24,47706.11719,1803.461426
2021-08-25,48960.78906,1797.652954
2021-08-26,46942.21875,1800.826782
2021-08-27,49058.66797,1821.845337
2021-08-28,48902.40234,1821.315063
2021-08-29,48829.83203,1821.158691
2021-08-30,47054.98438,1816.092285
2021-08-31,47166.6875,1816.962646
2021-09-01,48847.02734,1820.741211
2021-09-02,49327.72266,1814.783936
2021-09-03,50025.375,1829.5896
2021-09-04,49944.625,1825.996216
2021-09-05,51753.41016,1829.571167
2021-09-06,52633.53516,1825.732422
2021-09-07,46811.12891,1793.237305
2021-09-08,46091.39063,1788.510986
2021-09-09,46391.42188,1797.170776
2021-09-10,44883.91016,1793.557983
2021-09-11,45201.45703,1799.98645
2021-09-12,46063.26953,1793.371704
2021-09-13,44963.07422,1799.640869
2021-09-14,47092.49219,1804.079102
2021-09-15,48176.34766,1797.712524
2021-09-16,47783.35938,1764.674927
2021-09-17,47267.51953,1763.368286
2021-09-18,48278.36328,1766.199707
2021-09-19,47260.21875,1764.639893
2021-09-20,42843.80078,1779.010864
2021-09-21,40693.67578,1783.071899
2021-09-22,43574.50781,1770.117065
2021-09-23,44895.09766,1756.958374
2021-09-24,42839.75,1760.461792
2021-09-25,42716.59375,1757.7771
2021-09-26,43208.53906,1757.343506
2021-09-27,42235.73047,1758.795044
2021-09-28,41034.54297,1744.659302
2021-09-29,41564.36328,1739.63208
2021-09-30,43790.89453,1762.338867
2021-10-01,48116.94141,1764.224731
2021-10-02,47711.48828,1764.76416
2021-10-03,48199.95313,1771.450928
2021-10-04,49112.90234,1772.834595
2021-10-05,51514.8125,1764.836426
2021-10-06,55361.44922,1765.785767
2021-10-07,53805.98438,1759.613892
2021-10-08,53967.84766,1762.091431
2021-10-09,54968.22266,1763.211426
2021-10-10,54771.57813,1760.617188
2021-10-11,57484.78906,1761.160522
2021-10-12,56041.05859,1763.953979
2021-10-13,57401.09766,1794.281372
2021-10-14,57321.52344,1801.122314
2021-10-15,61593.94922,1773.47998
2021-10-16,60892.17969,1771.126221
2021-10-17,61553.61719,1775.529785
2021-10-18,62026.07813,1769.108887
2021-10-19,64261.99219,1776.227173
2021-10-20,65992.83594,1783.810059
2021-10-21,62210.17188,1786.984985
2021-10-22,60692.26563,1796.905884
2021-10-23,61393.61719,1800.686768
2021-10-24,60930.83594,1801.767212
2021-10-25,63039.82422,1811.04541
2021-10-26,60363.79297,1795.498291
2021-10-27,58482.38672,1802.487793
2021-10-28,60622.13672,1801.937866
2021-10-29,62227.96484,1782.107788
2021-10-30,61888.83203,1786.802368
2021-10-31,61318.95703,1779.961792
2021-11-01,61004.40625,1791.763428
2021-11-02,63226.40234,1791.56665
2021-11-03,62970.04688,1779.253296
2021-11-04,61452.23047,1793.724976
2021-11-05,61125.67578,1819.751953
2021-11-06,61527.48047,1819.352295
2021-11-07,63326.98828,1819.772217
2021-11-08,67566.82813,1827.908447
2021-11-09,66971.82813,1832.244141
2021-11-10,64995.23047,1852.269409
2021-11-11,64949.96094,1865.524536
2021-11-12,64155.94141,1869.005981
2021-11-13,64469.52734,1873.739258
2021-11-14,65466.83984,1872.424438
2021-11-15,63557.87109,1869.060425
2021-11-16,60161.24609,1858.549316
2021-11-17,60368.01172,1867.307861
2021-11-18,56942.13672,1859.179077
2021-11-19,58119.57813,1846.729492
2021-11-20,59697.19531,1842.467041
2021-11-21,58730.47656,1845.209351
2021-11-22,56289.28906,1811.94812
2021-11-23,57569.07422,1792.428589
2021-11-24,56280.42578,1799.129639
2021-11-25,57274.67969,1791.500244
2021-11-26,53569.76563,1795.910522
2021-11-27,54815.07813,1794.458862
2021-11-28,57248.45703,1793.496338
2021-11-29,57806.56641,1791.392578
2021-11-30,57005.42578,1776.724121
2021-12-01,57229.82813,1784.495605
2021-12-02,56477.81641,1770.735107
2021-12-03,53598.24609,1782.218506
2021-12-04,49200.70313,1779.20752
2021-12-05,49368.84766,1783.886719
2021-12-06,50582.625,1783.58606
2021-12-07,50700.08594,1788.828125
2021-12-08,50504.79688,1785.869873
2021-12-09,47672.12109,1774.942871
2021-12-10,47243.30469,1787.291016
2021-12-11,49362.50781,1786.18811
2021-12-12,50098.33594,1785.006226
2021-12-13,46737.48047,1789.22876
2021-12-14,46612.63281,1776.036621
2021-12-15,48896.72266,1779.759644
2021-12-16,47665.42578,1801.194214
2021-12-17,46202.14453,1803.522339
2021-12-18,46848.77734,1803.586426
2021-12-19,46707.01563,1803.596313
2021-12-20,46880.27734,1797.57019
2021-12-21,48936.61328,1794.196289
2021-12-22,48628.51172,1807.686768
2021-12-23,50784.53906,1816.697998
2021-12-24,50822.19531,1819.149414
2021-12-25,50429.85938,1815.890015
2021-12-26,50809.51563,1815.052979
2021-12-27,50640.41797,1817.374634
2021-12-28,47588.85547,1814.299683
2021-12-29,46444.71094,1812.343872
2021-12-30,47178.125,1825.786865
2021-12-31,46306.44531,1833.609131
2022-01-01,47686.8125,1836.606812
2022-01-02,47345.21875,1835.926636
2022-01-03,46458.11719,1809.311157
2022-01-04,45897.57422,1816.170654
2022-01-05,43569.00391,1817.994141
2022-01-06,43160.92969,1798.189331
2022-01-07,41557.90234,1804.817383
2022-01-08,41733.94141,1799.217163
2022-01-09,41911.60156,1798.555054
2022-01-10,41821.26172,1806.085205
2022-01-11,42735.85547,1823.639893
2022-01-12,43949.10156,1833.202148
2022-01-13,42591.57031,1825.422607
2022-01-14,43099.69922,1827.743652
2022-01-15,43177.39844,1824.599243
2022-01-16,43113.87891,1825.530273
2022-01-17,42250.55078,1824.005615
2022-01-18,42375.63281,1820.078247
2022-01-19,41744.32813,1846.56543
2022-01-20,40680.41797,1843.808105
2022-01-21,36457.31641,1841.040527
2022-01-22,35030.25,1841.426514
2022-01-23,36276.80469,1843.734009
2022-01-24,36654.32813,1848.915527
2022-01-25,36954.00391,1860.280396
2022-01-26,36852.12109,1838.990601
2022-01-27,37138.23438,1811.380005
2022-01-28,37784.33203,1798.825684
2022-01-29,38138.17969,1800.191772
2022-01-30,37917.60156,1799.668701
2022-01-31,38483.125,1806.449585
2022-02-01,38743.27344,1808.416748
2022-02-02,36952.98438,1813.202026
2022-02-03,37154.60156,1813.848511
2022-02-04,41500.875,1818.55542
2022-02-05,41441.16406,1818.000488
2022-02-06,42412.43359,1817.729004
2022-02-07,43840.28516,1824.659668
2022-02-08,44118.44531,1830.749023
2022-02-09,44338.79688,1839.468506
2022-02-10,43565.11328,1834.20813
2022-02-11,42407.9375,1870.147461
2022-02-12,42244.46875,1874.189941
2022-02-13,42197.51563,1883.418335
2022-02-14,42586.91797,1882.347412
2022-02-15,44575.20313,1858.87793
2022-02-16,43961.85938,1877.211914
2022-02-17,40538.01172,1916.026001
2022-02-18,40030.97656,1914.976563
2022-02-19,40122.15625,1915.845459
2022-02-20,38431.37891,1935.629395
2022-02-21,37075.28125,1952.762085
2022-02-22,38286.02734,1909.236694
2022-02-23,37296.57031,1921.450073
2022-02-24,38332.60938,1934.810913
2022-02-25,39214.21875,1897.698364
2022-02-26,39105.14844,1889.610718
2022-02-27,37709.78516,1914.87915
2022-02-28,43193.23438,1896.833374
2022-03-01,44354.63672,1933.066528
2022-03-02,43924.11719,1923.682007
2022-03-03,42451.78906,1934.783203
2022-03-04,39137.60547,1970.306763
2022-03-05,39400.58594,1973.535767
2022-03-06,38419.98438,1993.025513
2022-03-07,38062.03906,2005.298096
2022-03-08,38737.26953,2055.900635
2022-03-09,41982.92578,1993.776855
2022-03-10,39437.46094,2001.53479
2022-03-11,38794.97266,1987.044067
2022-03-12,38904.01172,1992.044556
2022-03-13,37849.66406,1986.010986
2022-03-14,39666.75391,1960.924683
2022-03-15,39338.78516,1926.214844
2022-03-16,41143.92969,1935.588989
2022-03-17,40951.37891,1949.947754
2022-03-18,41801.15625,1923.830933
2022-03-19,42190.65234,1918.906494
2022-03-20,41247.82422,1922.821411
2022-03-21,41077.99609,1937.536255
2022-03-22,42358.80859,1919.909302
2022-03-23,42892.95703,1947.290649
2022-03-24,43960.93359,1955.869263
2022-03-25,44348.73047,1957.964966
2022-03-26,44500.82813,1964.426636
2022-03-27,46820.49219,1953.050293
2022-03-28,47128.00391,1925.259155
2022-03-29,47465.73047,1919.106445
2022-03-30,47062.66406,1930.069946
2022-03-31,45538.67578,1934.363647
2022-04-01,46281.64453,1923.264282
2022-04-02,45868.94922,1921.917847
2022-04-03,46453.56641,1923.289307
2022-04-04,46622.67578,1931.587036
2022-04-05,45555.99219,1920.643433
2022-04-06,43206.73828,1922.102539
2022-04-07,43503.84766,1930.364258
2022-04-08,42287.66406,1945.397339
2022-04-09,42782.13672,1949.114624
2022-04-10,42207.67188,1943.121338
2022-04-11,39521.90234,1953.721069
2022-04-12,40127.18359,1968.841431
2022-04-13,41166.73047,1981.063477
2022-04-14,39935.51563,1975.895752
2022-04-15,40553.46484,1981.219238
2022-04-16,40424.48438,1980.134888
2022-04-17,39716.95313,1986.313477
2022-04-18,40826.21484,1979.894409
2022-04-19,41502.75,1955.123657
2022-04-20,41374.37891,1962.889771
2022-04-21,40527.36328,1959.189453
2022-04-22,39740.32031,1937.474854
2022-04-23,39486.73047,1934.819702
2022-04-24,39469.29297,1935.546021
2022-04-25,40458.30859,1907.797729
2022-04-26,38117.46094,1908.039185
2022-04-27,39241.12109,1894.254761
2022-04-28,39773.82813,1900.843994
2022-04-29,38609.82422,1904.972778
2022-04-30,37714.875,1901.595947
2022-05-01,38469.09375,1904.331421
2022-05-02,38529.32813,1869.732788
2022-05-03,37750.45313,1871.64624
2022-05-04,39698.37109,1889.063232
2022-05-05,36575.14063,1878.257202
2022-05-06,36040.92188,1885.41748
2022-05-07,35501.95313,1887.622925
2022-05-08,34059.26563,1884.979126
2022-05-09,30296.95313,1851.635132
2022-05-10,31022.90625,1836.51709
2022-05-11,28936.35547,1858.143677
2022-05-12,29047.75195,1836.147461
2022-05-13,29283.10352,1809.033447
2022-05-14,30101.26563,1811.555542
2022-05-15,31305.11328,1811.131226
2022-05-16,29862.91797,1825.412231
2022-05-17,30425.85742,1819.471069
2022-05-18,28720.27148,1816.976685
2022-05-19,30314.33398,1852.999756
2022-05-20,29200.74023,1852.856079
2022-05-21,29432.22656,1853.769165
2022-05-22,30323.72266,1852.485229
2022-05-23,29098.91016,1854.969482
2022-05-24,29655.58594,1870.304688
2022-05-25,29562.36133,1857.5
2022-05-26,29267.22461,1850.585693
2022-05-27,28627.57422,1854.062012
2022-05-28,28814.90039,1855.692749
2022-05-29,29445.95703,1851.87854
2022-05-30,31726.39063,1857.577026
2022-05-31,31792.31055,1838.105957
2022-06-01,29799.08008,1850.57312
2022-06-02,30467.48828,1871.145874
2022-06-03,29704.39063,1855.750732
2022-06-04,29832.91406,1860.404419
2022-06-05,29906.66211,1857.887573
2022-06-06,31370.67188,1845.455688
2022-06-07,31155.47852,1855.936401
2022-06-08,30214.35547,1855.543335
2022-06-09,30111.99805,1847.127808
2022-06-10,29083.80469,1873.052246
2022-06-11,28360.81055,1880.163696
2022-06-12,26762.64844,1882.606079
2022-06-13,22487.38867,1826.766968
2022-06-14,22206.79297,1815.40918
2022-06-15,22572.83984,1838.349609
2022-06-16,20381.65039,1858.127075
2022-06-17,20471.48242,1842.154663
2022-06-18,19017.64258,1826.274902
2022-06-19,20553.27148,1842.924438
2022-06-20,20599.53711,1846.912842
2022-06-21,20710.59766,1835.442139
2022-06-22,19987.0293,1841.505005
2022-06-23,21085.87695,1828.680054
2022-06-24,21231.65625,1824.953857
2022-06-25,21502.33789,1824.493042
2022-06-26,21027.29492,1830.399658
2022-06-27,20735.47852,1828.347534
2022-06-28,20280.63477,1822.885864
2022-06-29,20104.02344,1823.15332
2022-06-30,19784.72656,1814.808228
2022-07-01,19269.36719,1807.823608
2022-07-02,19242.25586,1812.982056
2022-07-03,19297.07617,1812.249878
2022-07-04,20231.26172,1813.07312
2022-07-05,20190.11523,1770.947266
2022-07-06,20548.24609,1743.622681
2022-07-07,21637.58789,1744.089478
2022-07-08,21731.11719,1744.218872
2022-07-09,21592.20703,1739.738647
2022-07-10,20860.44922,1743.069336
2022-07-11,19970.55664,1733.929932
2022-07-12,19323.91406,1726.21582
2022-07-13,20212.07422,1736.992554
2022-07-14,20569.91992,1714.470459
2022-07-15,20836.32813,1705.360718
2022-07-16,21190.31641,1699.880249
2022-07-17,20779.34375,1705.802124
2022-07-18,22485.68945,1707.932251
2022-07-19,23389.43359,1706.46936
2022-07-20,23231.73242,1697.112671
2022-07-21,23164.62891,1716.708008
2022-07-22,22714.97852,1728.111816
2022-07-23,22465.47852,1726.191406
2022-07-24,22609.16406,1724.220459
2022-07-25,21361.70117,1717.254883
2022-07-26,21239.75391,1719.162842
2022-07-27,22930.54883,1736.020996
2022-07-28,23843.88672,1749.390503
2022-07-29,23804.63281,1764.184937
2022-07-30,23656.20703,1764.895996
2022-07-31,23336.89648,1762.634033
2022-08-01,23314.19922,1771.241943
2022-08-02,22978.11719,1752.777466
2022-08-03,22846.50781,1759.644897
2022-08-04,22630.95703,1789.282104
2022-08-05,23289.31445,1774.188843
2022-08-06,22961.2793,1768.03186
2022-08-07,23175.89063,1768.762573
2022-08-08,23809.48633,1781.543091
2022-08-09,23164.31836,1790.553955
2022-08-10,23947.64258,1786.353149
2022-08-11,23957.5293,1780.435181
2022-08-12,24402.81836,1795.796753
2022-08-13,24424.06836,1793.904175
2022-08-14,24319.33398,1793.109619
2022-08-15,24136.97266,1775.959106
2022-08-16,23883.29102,1771.848145
2022-08-17,23335.99805,1756.920166
2022-08-18,23212.73828,1750.938232
2022-08-19,20877.55273,1740.49292
2022-08-20,21166.06055,1739.674194
2022-08-21,21534.12109,1739.81189
2022-08-22,21398.9082,1732.180786
2022-08-23,21528.08789,1745.68335
2022-08-24,21395.01953,1745.525391
2022-08-25,21600.9043,1751.880737
2022-08-26,20260.01953,1731.153198
2022-08-27,20041.73828,1729.585327
2022-08-28,19616.81445,1725.064209
2022-08-29,20297.99414,1730.67749
2022-08-30,19796.80859,1715.31311
2022-08-31,20049.76367,1704.783081
2022-09-01,20127.14063,1691.651001
2022-09-02,19969.77148,1704.184448
2022-09-03,19832.08789,1706.80603
2022-09-04,19986.71289,1706.487427
2022-09-05,19812.37109,1707.600708
2022-09-06,18837.66797,1693.656128
2022-09-07,19290.32422,1709.45105
2022-09-08,19329.83398,1703.200317
2022-09-09,21381.15234,1710.691528
2022-09-10,21680.53906,1713.636841
2022-09-11,21769.25586,1716.140625
2022-09-12,22370.44922,1718.550781
2022-09-13,20296.70703,1694.663208
2022-09-14,20241.08984,1689.633545
2022-09-15,19701.21094,1654.909912
2022-09-16,19772.58398,1666.780762
2022-09-17,20127.57617,1668.081787
2022-09-18,19419.50586,1668.536865
2022-09-19,19544.12891,1665.839233
2022-09-20,18890.78906,1657.122803
2022-09-21,18547.40039,1662.517944
2022-09-22,19413.55078,1665.660278
2022-09-23,19297.63867,1637.920288
2022-09-24,18937.01172,1637.621582
2022-09-25,18802.09766,1634.865845
2022-09-26,19222.67188,1619.209106
2022-09-27,19110.54688,1621.632813
2022-09-28,19426.7207,1648.62793
2022-09-29,19573.05078,1656.146729
2022-09-30,19431.78906,1655.731689
2022-10-01,19312.0957,1654.730591
2022-10-02,19044.10742,1656.767456
2022-10-03,19623.58008,1696.606689
2022-10-04,20336.84375,1719.322388
2022-10-05,20160.7168,1709.516113
2022-10-06,19955.44336,1704.252075
2022-10-07,19546.84961,1690.877441
2022-10-08,19416.56836,1688.692261
2022-10-09,19446.42578,1690.720703
2022-10-10,19141.48438,1662.497681
2022-10-11,19051.41797,1660.619019
2022-10-12,19157.44531,1665.717285
2022-10-13,19382.9043,1657.442261
2022-10-14,19185.65625,1637.939453
2022-10-15,19067.63477,1636.841064
2022-10-16,19268.09375,1640.794067
2022-10-17,19550.75781,1645.488525
2022-10-18,19334.41602,1646.057373
2022-10-19,19139.53516,1621.928467
2022-10-20,19053.74023,1621.268555
2022-10-21,19172.46875,1649.329712
2022-10-22,19208.18945,1651.253052
2022-10-23,19567.00781,1657.881714
2022-10-24,19345.57227,1644.452148
2022-10-25,20095.85742,1646.096924
2022-10-26,20770.44141,1660.042603
2022-10-27,20285.83594,1654.546631
2022-10-28,20595.35156,1637.992065
2022-10-29,20818.47656,1639.157227
2022-10-30,20635.60352,1638.110596
2022-10-31,20495.77344,1627.891724
2022-11-01,20485.27344,1640.703491
2022-11-02,20159.50391,1629.218018
2022-11-03,20209.98828,1625.610107
2022-11-04,21147.23047,1672.519409
2022-11-05,21282.69141,1672.796265
2022-11-06,20926.48633,1664.704102
2022-11-07,20602.81641,1666.295776
2022-11-08,18541.27148,1700.517212
2022-11-09,15880.78027,1695.79541
2022-11-10,17586.77148,1747.442749
2022-11-11,17034.29297,1775.934937
2022-11-12,16799.18555,1734.720825
2022-11-13,16353.36523,1742.016602
2022-11-14,16618.19922,1751.009033
2022-11-15,16884.61328,1773.306519
2022-11-16,16669.43945,1765.312378
2022-11-17,16687.51758,1755.623901
2022-11-18,16697.77734,1741.891724
2022-11-19,16711.54688,1746.141846
2022-11-20,16291.83203,1747.02417
2022-11-21,15787.28418,1737.881592
2022-11-22,16189.76953,1734.552246
2022-11-23,16610.70703,1743.140869
2022-11-24,16604.46484,1745.661133
2022-11-25,16521.8418,1749.078491
2022-11-26,16464.28125,1748.338623
2022-11-27,16444.62695,1747.890137
2022-11-28,16217.32227,1740.497192
2022-11-29,16444.98242,1739.430298
2022-11-30,17168.56641,1762.913086
2022-12-01,16967.13281,1791.167236
2022-12-02,17088.66016,1787.345459
2022-12-03,16908.23633,1785.914429
2022-12-04,17130.48633,1791.499634
2022-12-05,16974.82617,1770.705933
2022-12-06,17089.50391,1774.976196
2022-12-07,16848.12695,1786.986572
2022-12-08,17233.47461,1788.506714
2022-12-09,17133.15234,1794.705322
2022-12-10,17128.72461,1790.65686
2022-12-11,17104.19336,1796.895142
2022-12-12,17025.93555,1790.387573
